source_name,extracted_at,location_id,city_name,country_code,date,latitude,longitude,timezone,temperature_2m_max,temperature_2m_min,temperature_2m_mean,precipitation_sum,rain_sum,snowfall_sum,wind_speed_10m_max
recent_weather,2026-06-17T14:49:19+00:00,3117735,Madrid,ES,2026-04-18,40.4375,-3.6875,Europe/Madrid,26.4,12.4,19.9,0.0,0.0,0.0,8.9
recent_weather,2026-06-17T14:49:19+00:00,3117735,Madrid,ES,2026-04-19,40.4375,-3.6875,Europe/Madrid,27.3,14.0,20.6,0.0,0.0,0.0,12.1
recent_weather,2026-06-17T14:49:19+00:00,3117735,Madrid,ES,2026-04-20,40.4375,-3.6875,Europe/Madrid,26.9,12.6,20.1,0.0,0.0,0.0,8.9
recent_weather,2026-06-17T14:49:19+00:00,3117735,Madrid,ES,2026-04-21,40.4375,-3.6875,Europe/Madrid,26.4,12.9,19.4,0.1,0.0,0.0,12.2
recent_weather,2026-06-17T14:49:19+00:00,3117735,Madrid,ES,2026-04-22,40.4375,-3.6875,Europe/Madrid,23.1,13.4,18.7,0.0,0.0,0.0,9.2
recent_weather,2026-06-17T14:49:19+00:00,3117735,Madrid,ES,2026-04-23,40.4375,-3.6875,Europe/Madrid,26.4,12.0,18.7,0.0,0.0,0.0,14.3
recent_weather,2026-06-17T14:49:19+00:00,3117735,Madrid,ES,2026-04-24,40.4375,-3.6875,Europe/Madrid,21.8,12.5,16.9,3.2,0.0,0.0,10.2
recent_weather,2026-06-17T14:49:19+00:00,3117735,Madrid,ES,2026-04-25,40.4375,-3.6875,Europe/Madrid,22.9,14.4,18.4,0.9,0.7,0.0,8.1
recent_weather,2026-06-17T14:49:19+00:00,3117735,Madrid,ES,2026-04-26,40.4375,-3.6875,Europe/Madrid,25.5,13.5,19.6,0.0,0.0,0.0,8.7
recent_weather,2026-06-17T14:49:19+00:00,3117735,Madrid,ES,2026-04-27,40.4375,-3.6875,Europe/Madrid,25.8,14.2,20.0,0.0,0.0,0.0,8.4
recent_weather,2026-06-17T14:49:19+00:00,3117735,Madrid,ES,2026-04-28,40.4375,-3.6875,Europe/Madrid,24.8,12.7,18.6,0.0,0.0,0.0,14.0
recent_weather,2026-06-17T14:49:19+00:00,3117735,Madrid,ES,2026-04-29,40.4375,-3.6875,Europe/Madrid,18.9,13.9,16.1,20.4,0.6,0.0,12.6
recent_weather,2026-06-17T14:49:19+00:00,3117735,Madrid,ES,2026-04-30,40.4375,-3.6875,Europe/Madrid,21.5,11.9,16.5,1.0,0.0,0.0,6.3
recent_weather,2026-06-17T14:49:19+00:00,3117735,Madrid,ES,2026-05-01,40.4375,-3.6875,Europe/Madrid,24.5,11.9,18.5,0.0,0.0,0.0,9.1
recent_weather,2026-06-17T14:49:19+00:00,3117735,Madrid,ES,2026-05-02,40.4375,-3.6875,Europe/Madrid,18.7,14.7,16.3,7.0,0.3,0.0,16.3
recent_weather,2026-06-17T14:49:19+00:00,3117735,Madrid,ES,2026-05-03,40.4375,-3.6875,Europe/Madrid,19.4,12.7,15.9,3.9,0.0,0.0,15.5
recent_weather,2026-06-17T14:49:19+00:00,3117735,Madrid,ES,2026-05-04,40.4375,-3.6875,Europe/Madrid,19.9,11.3,15.3,0.8,0.0,0.0,15.3
recent_weather,2026-06-17T14:49:19+00:00,3117735,Madrid,ES,2026-05-05,40.4375,-3.6875,Europe/Madrid,19.3,10.7,14.6,0.0,0.0,0.0,13.3
recent_weather,2026-06-17T14:49:19+00:00,3117735,Madrid,ES,2026-05-06,40.4375,-3.6875,Europe/Madrid,19.9,6.9,13.8,0.0,0.0,0.0,6.4
recent_weather,2026-06-17T14:49:19+00:00,3117735,Madrid,ES,2026-05-07,40.4375,-3.6875,Europe/Madrid,17.8,11.0,14.0,2.0,0.0,0.0,10.5
recent_weather,2026-06-17T14:49:19+00:00,3117735,Madrid,ES,2026-05-08,40.4375,-3.6875,Europe/Madrid,18.2,10.1,13.2,2.5,0.3,0.0,7.9
recent_weather,2026-06-17T14:49:19+00:00,3117735,Madrid,ES,2026-05-09,40.4375,-3.6875,Europe/Madrid,17.3,12.6,14.1,10.6,0.3,0.0,14.2
recent_weather,2026-06-17T14:49:19+00:00,3117735,Madrid,ES,2026-05-10,40.4375,-3.6875,Europe/Madrid,14.5,10.7,12.4,9.4,0.8,0.0,13.9
recent_weather,2026-06-17T14:49:19+00:00,3117735,Madrid,ES,2026-05-11,40.4375,-3.6875,Europe/Madrid,18.1,9.3,13.6,0.0,0.0,0.0,12.5
recent_weather,2026-06-17T14:49:19+00:00,3117735,Madrid,ES,2026-05-12,40.4375,-3.6875,Europe/Madrid,16.2,10.6,13.5,3.8,0.0,0.0,13.8
recent_weather,2026-06-17T14:49:19+00:00,3117735,Madrid,ES,2026-05-13,40.4375,-3.6875,Europe/Madrid,20.1,10.1,14.8,0.3,0.0,0.0,12.1
recent_weather,2026-06-17T14:49:19+00:00,3117735,Madrid,ES,2026-05-14,40.4375,-3.6875,Europe/Madrid,21.9,11.3,16.4,0.1,0.0,0.0,14.1
recent_weather,2026-06-17T14:49:19+00:00,3117735,Madrid,ES,2026-05-15,40.4375,-3.6875,Europe/Madrid,16.6,10.2,13.5,1.1,0.0,0.0,12.9
recent_weather,2026-06-17T14:49:19+00:00,3117735,Madrid,ES,2026-05-16,40.4375,-3.6875,Europe/Madrid,20.3,6.4,13.6,0.0,0.0,0.0,6.6
recent_weather,2026-06-17T14:49:19+00:00,3117735,Madrid,ES,2026-05-17,40.4375,-3.6875,Europe/Madrid,21.7,10.9,16.0,0.4,0.0,0.0,10.6
recent_weather,2026-06-17T14:49:19+00:00,3117735,Madrid,ES,2026-05-18,40.4375,-3.6875,Europe/Madrid,23.3,10.4,17.1,0.0,0.0,0.0,13.0
recent_weather,2026-06-17T14:49:19+00:00,3117735,Madrid,ES,2026-05-19,40.4375,-3.6875,Europe/Madrid,26.1,12.3,19.6,0.0,0.0,0.0,8.0
recent_weather,2026-06-17T14:49:19+00:00,3117735,Madrid,ES,2026-05-20,40.4375,-3.6875,Europe/Madrid,29.5,13.2,22.1,0.0,0.0,0.0,6.9
recent_weather,2026-06-17T14:49:19+00:00,3117735,Madrid,ES,2026-05-21,40.4375,-3.6875,Europe/Madrid,31.1,15.2,23.6,0.0,0.0,0.0,7.9
recent_weather,2026-06-17T14:49:19+00:00,3117735,Madrid,ES,2026-05-22,40.4375,-3.6875,Europe/Madrid,31.8,16.1,24.7,0.0,0.0,0.0,11.5
recent_weather,2026-06-17T14:49:19+00:00,3117735,Madrid,ES,2026-05-23,40.4375,-3.6875,Europe/Madrid,31.5,17.0,24.7,0.0,0.0,0.0,8.0
recent_weather,2026-06-17T14:49:19+00:00,3117735,Madrid,ES,2026-05-24,40.4375,-3.6875,Europe/Madrid,31.9,17.8,24.8,0.0,0.0,0.0,11.8
recent_weather,2026-06-17T14:49:19+00:00,3117735,Madrid,ES,2026-05-25,40.4375,-3.6875,Europe/Madrid,31.3,18.1,24.6,0.0,0.0,0.0,11.0
recent_weather,2026-06-17T14:49:19+00:00,3117735,Madrid,ES,2026-05-26,40.4375,-3.6875,Europe/Madrid,32.0,17.5,24.7,0.0,0.0,0.0,9.2
recent_weather,2026-06-17T14:49:19+00:00,3117735,Madrid,ES,2026-05-27,40.4375,-3.6875,Europe/Madrid,34.0,17.5,26.2,0.0,0.0,0.0,11.3
recent_weather,2026-06-17T14:49:19+00:00,3117735,Madrid,ES,2026-05-28,40.4375,-3.6875,Europe/Madrid,33.6,17.6,26.4,0.0,0.0,0.0,5.0
recent_weather,2026-06-17T14:49:19+00:00,3117735,Madrid,ES,2026-05-29,40.4375,-3.6875,Europe/Madrid,34.6,18.9,27.3,0.0,0.0,0.0,6.3
recent_weather,2026-06-17T14:49:19+00:00,3117735,Madrid,ES,2026-05-30,40.4375,-3.6875,Europe/Madrid,34.8,20.3,27.5,0.0,0.0,0.0,12.4
recent_weather,2026-06-17T14:49:19+00:00,3117735,Madrid,ES,2026-05-31,40.4375,-3.6875,Europe/Madrid,33.5,19.6,27.1,0.0,0.0,0.0,14.9
recent_weather,2026-06-17T14:49:19+00:00,3117735,Madrid,ES,2026-06-01,40.4375,-3.6875,Europe/Madrid,34.0,19.6,26.9,0.0,0.0,0.0,15.6
recent_weather,2026-06-17T14:49:19+00:00,3117735,Madrid,ES,2026-06-02,40.4375,-3.6875,Europe/Madrid,29.8,20.4,25.4,0.0,0.0,0.0,16.9
recent_weather,2026-06-17T14:49:19+00:00,3117735,Madrid,ES,2026-06-03,40.4375,-3.6875,Europe/Madrid,30.0,15.6,23.3,0.0,0.0,0.0,12.7
recent_weather,2026-06-17T14:49:19+00:00,3117735,Madrid,ES,2026-06-04,40.4375,-3.6875,Europe/Madrid,28.0,19.0,23.4,0.0,0.0,0.0,15.5
recent_weather,2026-06-17T14:49:19+00:00,3117735,Madrid,ES,2026-06-05,40.4375,-3.6875,Europe/Madrid,27.4,13.3,20.7,0.0,0.0,0.0,13.8
recent_weather,2026-06-17T14:49:19+00:00,3117735,Madrid,ES,2026-06-06,40.4375,-3.6875,Europe/Madrid,29.3,16.5,23.0,0.0,0.0,0.0,6.8
recent_weather,2026-06-17T14:49:19+00:00,3117735,Madrid,ES,2026-06-07,40.4375,-3.6875,Europe/Madrid,31.5,18.1,25.3,0.0,0.0,0.0,8.2
recent_weather,2026-06-17T14:49:19+00:00,3117735,Madrid,ES,2026-06-08,40.4375,-3.6875,Europe/Madrid,32.8,19.1,26.3,0.0,0.0,0.0,13.4
recent_weather,2026-06-17T14:49:19+00:00,3117735,Madrid,ES,2026-06-09,40.4375,-3.6875,Europe/Madrid,31.9,17.6,25.0,0.0,0.0,0.0,14.0
recent_weather,2026-06-17T14:49:19+00:00,3117735,Madrid,ES,2026-06-10,40.4375,-3.6875,Europe/Madrid,29.9,16.4,23.5,0.0,0.0,0.0,14.3
recent_weather,2026-06-17T14:49:19+00:00,3117735,Madrid,ES,2026-06-11,40.4375,-3.6875,Europe/Madrid,31.0,15.6,23.6,0.0,0.0,0.0,15.8
recent_weather,2026-06-17T14:49:19+00:00,3117735,Madrid,ES,2026-06-12,40.4375,-3.6875,Europe/Madrid,32.9,18.7,25.9,0.0,0.0,0.0,12.2
recent_weather,2026-06-17T14:49:19+00:00,3117735,Madrid,ES,2026-06-13,40.4375,-3.6875,Europe/Madrid,33.0,20.0,26.8,0.0,0.0,0.0,9.9
recent_weather,2026-06-17T14:49:19+00:00,3117735,Madrid,ES,2026-06-14,40.4375,-3.6875,Europe/Madrid,33.2,21.1,27.1,0.5,0.0,0.0,15.9
recent_weather,2026-06-17T14:49:19+00:00,3117735,Madrid,ES,2026-06-15,40.4375,-3.6875,Europe/Madrid,31.1,19.2,25.2,0.0,0.0,0.0,7.4
recent_weather,2026-06-17T14:49:19+00:00,3117735,Madrid,ES,2026-06-16,40.4375,-3.6875,Europe/Madrid,32.3,19.3,26.0,0.0,0.0,0.0,9.3
recent_weather,2026-06-17T14:49:19+00:00,3117735,Madrid,ES,2026-06-17,40.4375,-3.6875,Europe/Madrid,34.3,20.5,27.9,0.0,0.0,0.0,10.2
recent_weather,2026-06-17T14:49:19+00:00,1043652,Lisboa,MZ,2026-04-18,-20.140598,33.727455,Africa/Maputo,32.3,21.8,26.9,0.0,0.0,0.0,14.1
recent_weather,2026-06-17T14:49:19+00:00,1043652,Lisboa,MZ,2026-04-19,-20.140598,33.727455,Africa/Maputo,33.1,23.8,27.9,0.0,0.0,0.0,12.9
recent_weather,2026-06-17T14:49:19+00:00,1043652,Lisboa,MZ,2026-04-20,-20.140598,33.727455,Africa/Maputo,33.7,24.5,28.4,0.0,0.0,0.0,12.9
recent_weather,2026-06-17T14:49:19+00:00,1043652,Lisboa,MZ,2026-04-21,-20.140598,33.727455,Africa/Maputo,33.5,23.4,27.8,0.0,0.0,0.0,12.2
recent_weather,2026-06-17T14:49:19+00:00,1043652,Lisboa,MZ,2026-04-22,-20.140598,33.727455,Africa/Maputo,32.5,24.3,27.4,0.0,0.0,0.0,14.4
recent_weather,2026-06-17T14:49:19+00:00,1043652,Lisboa,MZ,2026-04-23,-20.140598,33.727455,Africa/Maputo,29.6,22.0,24.3,13.0,6.1,0.0,15.4
recent_weather,2026-06-17T14:49:19+00:00,1043652,Lisboa,MZ,2026-04-24,-20.140598,33.727455,Africa/Maputo,26.0,21.5,23.0,9.2,2.6,0.0,19.7
recent_weather,2026-06-17T14:49:19+00:00,1043652,Lisboa,MZ,2026-04-25,-20.140598,33.727455,Africa/Maputo,27.7,20.1,23.4,0.0,0.0,0.0,16.6
recent_weather,2026-06-17T14:49:19+00:00,1043652,Lisboa,MZ,2026-04-26,-20.140598,33.727455,Africa/Maputo,29.3,18.7,23.6,0.0,0.0,0.0,8.3
recent_weather,2026-06-17T14:49:19+00:00,1043652,Lisboa,MZ,2026-04-27,-20.140598,33.727455,Africa/Maputo,31.2,19.0,24.9,0.0,0.0,0.0,5.4
recent_weather,2026-06-17T14:49:19+00:00,1043652,Lisboa,MZ,2026-04-28,-20.140598,33.727455,Africa/Maputo,31.1,20.6,25.4,0.0,0.0,0.0,7.1
recent_weather,2026-06-17T14:49:19+00:00,1043652,Lisboa,MZ,2026-04-29,-20.140598,33.727455,Africa/Maputo,26.4,20.7,23.2,7.6,2.7,0.0,10.3
recent_weather,2026-06-17T14:49:19+00:00,1043652,Lisboa,MZ,2026-04-30,-20.140598,33.727455,Africa/Maputo,26.5,20.7,23.0,9.5,6.6,0.0,19.3
recent_weather,2026-06-17T14:49:19+00:00,1043652,Lisboa,MZ,2026-05-01,-20.140598,33.727455,Africa/Maputo,29.2,18.6,23.5,0.0,0.0,0.0,15.7
recent_weather,2026-06-17T14:49:19+00:00,1043652,Lisboa,MZ,2026-05-02,-20.140598,33.727455,Africa/Maputo,30.8,19.0,24.5,0.0,0.0,0.0,8.1
recent_weather,2026-06-17T14:49:19+00:00,1043652,Lisboa,MZ,2026-05-03,-20.140598,33.727455,Africa/Maputo,29.9,21.0,24.5,0.0,0.0,0.0,8.8
recent_weather,2026-06-17T14:49:19+00:00,1043652,Lisboa,MZ,2026-05-04,-20.140598,33.727455,Africa/Maputo,29.4,19.2,23.8,0.1,0.1,0.0,11.1
recent_weather,2026-06-17T14:49:19+00:00,1043652,Lisboa,MZ,2026-05-05,-20.140598,33.727455,Africa/Maputo,30.0,20.6,24.8,0.0,0.0,0.0,19.0
recent_weather,2026-06-17T14:49:19+00:00,1043652,Lisboa,MZ,2026-05-06,-20.140598,33.727455,Africa/Maputo,31.9,20.5,25.5,0.0,0.0,0.0,13.0
recent_weather,2026-06-17T14:49:19+00:00,1043652,Lisboa,MZ,2026-05-07,-20.140598,33.727455,Africa/Maputo,29.4,20.8,24.5,0.0,0.0,0.0,17.7
recent_weather,2026-06-17T14:49:19+00:00,1043652,Lisboa,MZ,2026-05-08,-20.140598,33.727455,Africa/Maputo,29.5,19.5,23.6,0.0,0.0,0.0,12.5
recent_weather,2026-06-17T14:49:19+00:00,1043652,Lisboa,MZ,2026-05-09,-20.140598,33.727455,Africa/Maputo,30.3,18.3,24.0,0.0,0.0,0.0,10.0
recent_weather,2026-06-17T14:49:19+00:00,1043652,Lisboa,MZ,2026-05-10,-20.140598,33.727455,Africa/Maputo,30.3,21.9,25.5,0.0,0.0,0.0,19.0
recent_weather,2026-06-17T14:49:19+00:00,1043652,Lisboa,MZ,2026-05-11,-20.140598,33.727455,Africa/Maputo,33.3,21.7,26.5,0.0,0.0,0.0,14.8
recent_weather,2026-06-17T14:49:19+00:00,1043652,Lisboa,MZ,2026-05-12,-20.140598,33.727455,Africa/Maputo,32.8,21.1,26.3,0.0,0.0,0.0,11.4
recent_weather,2026-06-17T14:49:19+00:00,1043652,Lisboa,MZ,2026-05-13,-20.140598,33.727455,Africa/Maputo,31.3,21.4,25.9,0.0,0.0,0.0,7.5
recent_weather,2026-06-17T14:49:19+00:00,1043652,Lisboa,MZ,2026-05-14,-20.140598,33.727455,Africa/Maputo,30.6,19.5,24.2,0.0,0.0,0.0,6.4
recent_weather,2026-06-17T14:49:19+00:00,1043652,Lisboa,MZ,2026-05-15,-20.140598,33.727455,Africa/Maputo,28.5,18.9,23.1,0.3,0.2,0.0,7.3
recent_weather,2026-06-17T14:49:19+00:00,1043652,Lisboa,MZ,2026-05-16,-20.140598,33.727455,Africa/Maputo,27.5,18.3,22.9,0.8,0.3,0.0,12.8
recent_weather,2026-06-17T14:49:19+00:00,1043652,Lisboa,MZ,2026-05-17,-20.140598,33.727455,Africa/Maputo,26.0,20.1,22.5,2.7,1.5,0.0,18.6
recent_weather,2026-06-17T14:49:19+00:00,1043652,Lisboa,MZ,2026-05-18,-20.140598,33.727455,Africa/Maputo,26.7,18.1,21.8,0.4,0.3,0.0,13.7
recent_weather,2026-06-17T14:49:19+00:00,1043652,Lisboa,MZ,2026-05-19,-20.140598,33.727455,Africa/Maputo,27.0,18.1,22.0,0.4,0.4,0.0,7.5
recent_weather,2026-06-17T14:49:19+00:00,1043652,Lisboa,MZ,2026-05-20,-20.140598,33.727455,Africa/Maputo,26.0,16.9,21.0,0.0,0.0,0.0,15.1
recent_weather,2026-06-17T14:49:19+00:00,1043652,Lisboa,MZ,2026-05-21,-20.140598,33.727455,Africa/Maputo,23.4,16.9,20.3,0.3,0.1,0.0,17.1
recent_weather,2026-06-17T14:49:19+00:00,1043652,Lisboa,MZ,2026-05-22,-20.140598,33.727455,Africa/Maputo,25.8,19.5,21.9,0.0,0.0,0.0,9.9
recent_weather,2026-06-17T14:49:19+00:00,1043652,Lisboa,MZ,2026-05-23,-20.140598,33.727455,Africa/Maputo,27.1,16.9,22.1,0.0,0.0,0.0,7.2
recent_weather,2026-06-17T14:49:19+00:00,1043652,Lisboa,MZ,2026-05-24,-20.140598,33.727455,Africa/Maputo,27.3,17.8,22.2,1.9,0.9,0.0,6.9
recent_weather,2026-06-17T14:49:19+00:00,1043652,Lisboa,MZ,2026-05-25,-20.140598,33.727455,Africa/Maputo,27.1,18.1,22.1,0.2,0.2,0.0,10.1
recent_weather,2026-06-17T14:49:19+00:00,1043652,Lisboa,MZ,2026-05-26,-20.140598,33.727455,Africa/Maputo,26.6,15.8,20.7,0.1,0.0,0.0,10.6
recent_weather,2026-06-17T14:49:19+00:00,1043652,Lisboa,MZ,2026-05-27,-20.140598,33.727455,Africa/Maputo,26.8,14.5,20.5,0.0,0.0,0.0,6.4
recent_weather,2026-06-17T14:49:19+00:00,1043652,Lisboa,MZ,2026-05-28,-20.140598,33.727455,Africa/Maputo,26.9,16.6,21.2,0.0,0.0,0.0,7.0
recent_weather,2026-06-17T14:49:19+00:00,1043652,Lisboa,MZ,2026-05-29,-20.140598,33.727455,Africa/Maputo,27.0,16.3,21.2,0.0,0.0,0.0,5.2
recent_weather,2026-06-17T14:49:19+00:00,1043652,Lisboa,MZ,2026-05-30,-20.140598,33.727455,Africa/Maputo,26.4,16.1,20.6,0.9,0.8,0.0,9.5
recent_weather,2026-06-17T14:49:19+00:00,1043652,Lisboa,MZ,2026-05-31,-20.140598,33.727455,Africa/Maputo,25.8,15.6,20.5,2.8,1.4,0.0,11.2
recent_weather,2026-06-17T14:49:19+00:00,1043652,Lisboa,MZ,2026-06-01,-20.140598,33.727455,Africa/Maputo,25.8,18.2,21.1,2.3,1.3,0.0,10.0
recent_weather,2026-06-17T14:49:19+00:00,1043652,Lisboa,MZ,2026-06-02,-20.140598,33.727455,Africa/Maputo,26.6,15.9,21.0,0.0,0.0,0.0,5.4
recent_weather,2026-06-17T14:49:19+00:00,1043652,Lisboa,MZ,2026-06-03,-20.140598,33.727455,Africa/Maputo,27.9,16.6,21.7,0.0,0.0,0.0,11.8
recent_weather,2026-06-17T14:49:19+00:00,1043652,Lisboa,MZ,2026-06-04,-20.140598,33.727455,Africa/Maputo,27.5,17.5,22.0,0.0,0.0,0.0,16.2
recent_weather,2026-06-17T14:49:19+00:00,1043652,Lisboa,MZ,2026-06-05,-20.140598,33.727455,Africa/Maputo,29.7,18.9,23.2,0.5,0.4,0.0,14.9
recent_weather,2026-06-17T14:49:19+00:00,1043652,Lisboa,MZ,2026-06-06,-20.140598,33.727455,Africa/Maputo,28.1,18.3,22.1,0.0,0.0,0.0,12.8
recent_weather,2026-06-17T14:49:19+00:00,1043652,Lisboa,MZ,2026-06-07,-20.140598,33.727455,Africa/Maputo,26.1,16.0,20.1,0.0,0.0,0.0,11.6
recent_weather,2026-06-17T14:49:19+00:00,1043652,Lisboa,MZ,2026-06-08,-20.140598,33.727455,Africa/Maputo,25.3,13.6,19.0,0.0,0.0,0.0,8.7
recent_weather,2026-06-17T14:49:19+00:00,1043652,Lisboa,MZ,2026-06-09,-20.140598,33.727455,Africa/Maputo,26.3,13.2,19.3,0.0,0.0,0.0,6.6
recent_weather,2026-06-17T14:49:19+00:00,1043652,Lisboa,MZ,2026-06-10,-20.140598,33.727455,Africa/Maputo,26.4,13.9,19.9,0.0,0.0,0.0,7.7
recent_weather,2026-06-17T14:49:19+00:00,1043652,Lisboa,MZ,2026-06-11,-20.140598,33.727455,Africa/Maputo,26.0,15.7,20.4,0.2,0.2,0.0,7.6
recent_weather,2026-06-17T14:49:19+00:00,1043652,Lisboa,MZ,2026-06-12,-20.140598,33.727455,Africa/Maputo,26.5,15.3,20.3,0.0,0.0,0.0,8.5
recent_weather,2026-06-17T14:49:19+00:00,1043652,Lisboa,MZ,2026-06-13,-20.140598,33.727455,Africa/Maputo,28.0,15.3,21.0,0.0,0.0,0.0,10.9
recent_weather,2026-06-17T14:49:19+00:00,1043652,Lisboa,MZ,2026-06-14,-20.140598,33.727455,Africa/Maputo,26.1,16.1,20.3,0.3,0.1,0.0,8.8
recent_weather,2026-06-17T14:49:19+00:00,1043652,Lisboa,MZ,2026-06-15,-20.140598,33.727455,Africa/Maputo,25.8,13.5,19.3,0.0,0.0,0.0,9.3
recent_weather,2026-06-17T14:49:19+00:00,1043652,Lisboa,MZ,2026-06-16,-20.140598,33.727455,Africa/Maputo,26.0,14.9,20.0,0.0,0.0,0.0,9.8
recent_weather,2026-06-17T14:49:19+00:00,1043652,Lisboa,MZ,2026-06-17,-20.140598,33.727455,Africa/Maputo,24.9,14.7,19.7,1.4,0.8,0.0,6.9
recent_weather,2026-06-17T14:49:19+00:00,2988507,Paris,FR,2026-04-18,48.86,2.3399997,Europe/Paris,20.9,10.7,15.1,0.0,0.0,0.0,17.1
recent_weather,2026-06-17T14:49:19+00:00,2988507,Paris,FR,2026-04-19,48.86,2.3399997,Europe/Paris,16.5,5.6,11.7,0.0,0.0,0.0,11.6
recent_weather,2026-06-17T14:49:19+00:00,2988507,Paris,FR,2026-04-20,48.86,2.3399997,Europe/Paris,15.6,6.0,10.9,0.0,0.0,0.0,13.8
recent_weather,2026-06-17T14:49:19+00:00,2988507,Paris,FR,2026-04-21,48.86,2.3399997,Europe/Paris,15.8,5.3,10.7,0.0,0.0,0.0,20.4
recent_weather,2026-06-17T14:49:19+00:00,2988507,Paris,FR,2026-04-22,48.86,2.3399997,Europe/Paris,19.9,8.0,13.6,0.0,0.0,0.0,21.0
recent_weather,2026-06-17T14:49:19+00:00,2988507,Paris,FR,2026-04-23,48.86,2.3399997,Europe/Paris,22.4,9.1,15.9,0.0,0.0,0.0,17.1
recent_weather,2026-06-17T14:49:19+00:00,2988507,Paris,FR,2026-04-24,48.86,2.3399997,Europe/Paris,23.1,9.4,16.4,0.0,0.0,0.0,14.4
recent_weather,2026-06-17T14:49:19+00:00,2988507,Paris,FR,2026-04-25,48.86,2.3399997,Europe/Paris,23.6,8.6,16.1,0.0,0.0,0.0,13.9
recent_weather,2026-06-17T14:49:19+00:00,2988507,Paris,FR,2026-04-26,48.86,2.3399997,Europe/Paris,22.8,9.2,16.3,0.0,0.0,0.0,9.8
recent_weather,2026-06-17T14:49:19+00:00,2988507,Paris,FR,2026-04-27,48.86,2.3399997,Europe/Paris,22.0,10.0,16.3,0.0,0.0,0.0,14.0
recent_weather,2026-06-17T14:49:19+00:00,2988507,Paris,FR,2026-04-28,48.86,2.3399997,Europe/Paris,20.9,10.6,15.9,0.2,0.0,0.0,14.6
recent_weather,2026-06-17T14:49:19+00:00,2988507,Paris,FR,2026-04-29,48.86,2.3399997,Europe/Paris,24.0,13.4,18.3,0.0,0.0,0.0,22.1
recent_weather,2026-06-17T14:49:19+00:00,2988507,Paris,FR,2026-04-30,48.86,2.3399997,Europe/Paris,24.0,11.9,17.8,0.0,0.0,0.0,19.0
recent_weather,2026-06-17T14:49:19+00:00,2988507,Paris,FR,2026-05-01,48.86,2.3399997,Europe/Paris,25.3,12.1,17.8,16.0,15.7,0.0,16.5
recent_weather,2026-06-17T14:49:19+00:00,2988507,Paris,FR,2026-05-02,48.86,2.3399997,Europe/Paris,25.5,15.0,19.7,0.3,0.2,0.0,15.9
recent_weather,2026-06-17T14:49:19+00:00,2988507,Paris,FR,2026-05-03,48.86,2.3399997,Europe/Paris,20.1,14.7,17.5,4.7,4.3,0.0,13.7
recent_weather,2026-06-17T14:49:19+00:00,2988507,Paris,FR,2026-05-04,48.86,2.3399997,Europe/Paris,17.8,14.5,15.7,8.1,7.9,0.0,7.1
recent_weather,2026-06-17T14:49:19+00:00,2988507,Paris,FR,2026-05-05,48.86,2.3399997,Europe/Paris,15.3,12.4,13.8,7.3,7.3,0.0,15.4
recent_weather,2026-06-17T14:49:19+00:00,2988507,Paris,FR,2026-05-06,48.86,2.3399997,Europe/Paris,15.0,10.0,12.3,6.5,6.5,0.0,13.9
recent_weather,2026-06-17T14:49:19+00:00,2988507,Paris,FR,2026-05-07,48.86,2.3399997,Europe/Paris,16.8,10.1,13.3,0.0,0.0,0.0,7.9
recent_weather,2026-06-17T14:49:19+00:00,2988507,Paris,FR,2026-05-08,48.86,2.3399997,Europe/Paris,20.8,8.8,15.1,0.0,0.0,0.0,12.4
recent_weather,2026-06-17T14:49:19+00:00,2988507,Paris,FR,2026-05-09,48.86,2.3399997,Europe/Paris,24.6,11.0,18.0,0.0,0.0,0.0,14.7
recent_weather,2026-06-17T14:49:19+00:00,2988507,Paris,FR,2026-05-10,48.86,2.3399997,Europe/Paris,18.2,12.5,15.5,51.8,50.9,0.0,14.8
recent_weather,2026-06-17T14:49:19+00:00,2988507,Paris,FR,2026-05-11,48.86,2.3399997,Europe/Paris,15.0,8.5,11.9,7.1,7.1,0.0,18.3
recent_weather,2026-06-17T14:49:19+00:00,2988507,Paris,FR,2026-05-12,48.86,2.3399997,Europe/Paris,16.0,6.2,11.4,0.0,0.0,0.0,12.1
recent_weather,2026-06-17T14:49:19+00:00,2988507,Paris,FR,2026-05-13,48.86,2.3399997,Europe/Paris,15.4,10.1,12.1,4.2,4.2,0.0,22.1
recent_weather,2026-06-17T14:49:19+00:00,2988507,Paris,FR,2026-05-14,48.86,2.3399997,Europe/Paris,11.8,8.1,9.8,9.6,8.9,0.0,17.0
recent_weather,2026-06-17T14:49:19+00:00,2988507,Paris,FR,2026-05-15,48.86,2.3399997,Europe/Paris,13.6,5.2,9.7,3.8,3.7,0.0,15.8
recent_weather,2026-06-17T14:49:19+00:00,2988507,Paris,FR,2026-05-16,48.86,2.3399997,Europe/Paris,15.8,7.6,11.9,2.2,2.0,0.0,15.9
recent_weather,2026-06-17T14:49:19+00:00,2988507,Paris,FR,2026-05-17,48.86,2.3399997,Europe/Paris,16.0,10.6,12.9,21.8,21.8,0.0,12.2
recent_weather,2026-06-17T14:49:19+00:00,2988507,Paris,FR,2026-05-18,48.86,2.3399997,Europe/Paris,15.7,9.1,12.6,6.0,5.9,0.0,19.1
recent_weather,2026-06-17T14:49:19+00:00,2988507,Paris,FR,2026-05-19,48.86,2.3399997,Europe/Paris,16.8,10.9,13.8,2.9,2.9,0.0,16.9
recent_weather,2026-06-17T14:49:19+00:00,2988507,Paris,FR,2026-05-20,48.86,2.3399997,Europe/Paris,20.4,13.5,16.8,0.1,0.0,0.0,16.9
recent_weather,2026-06-17T14:49:19+00:00,2988507,Paris,FR,2026-05-21,48.86,2.3399997,Europe/Paris,24.6,10.4,18.3,0.0,0.0,0.0,10.1
recent_weather,2026-06-17T14:49:19+00:00,2988507,Paris,FR,2026-05-22,48.86,2.3399997,Europe/Paris,28.8,14.2,22.0,0.0,0.0,0.0,9.4
recent_weather,2026-06-17T14:49:19+00:00,2988507,Paris,FR,2026-05-23,48.86,2.3399997,Europe/Paris,31.5,15.9,24.3,0.0,0.0,0.0,9.2
recent_weather,2026-06-17T14:49:19+00:00,2988507,Paris,FR,2026-05-24,48.86,2.3399997,Europe/Paris,32.6,18.8,26.1,0.0,0.0,0.0,12.6
recent_weather,2026-06-17T14:49:19+00:00,2988507,Paris,FR,2026-05-25,48.86,2.3399997,Europe/Paris,33.0,20.4,26.9,0.0,0.0,0.0,13.2
recent_weather,2026-06-17T14:49:19+00:00,2988507,Paris,FR,2026-05-26,48.86,2.3399997,Europe/Paris,33.8,19.0,26.7,0.0,0.0,0.0,10.7
recent_weather,2026-06-17T14:49:19+00:00,2988507,Paris,FR,2026-05-27,48.86,2.3399997,Europe/Paris,32.8,19.2,26.8,0.0,0.0,0.0,12.8
recent_weather,2026-06-17T14:49:19+00:00,2988507,Paris,FR,2026-05-28,48.86,2.3399997,Europe/Paris,33.3,21.1,27.2,0.0,0.0,0.0,9.4
recent_weather,2026-06-17T14:49:19+00:00,2988507,Paris,FR,2026-05-29,48.86,2.3399997,Europe/Paris,33.1,21.1,27.5,0.0,0.0,0.0,9.4
recent_weather,2026-06-17T14:49:19+00:00,2988507,Paris,FR,2026-05-30,48.86,2.3399997,Europe/Paris,34.5,22.0,28.1,0.0,0.0,0.0,16.3
recent_weather,2026-06-17T14:49:19+00:00,2988507,Paris,FR,2026-05-31,48.86,2.3399997,Europe/Paris,25.2,17.5,20.9,0.1,0.0,0.0,19.3
recent_weather,2026-06-17T14:49:19+00:00,2988507,Paris,FR,2026-06-01,48.86,2.3399997,Europe/Paris,26.2,14.9,20.6,0.0,0.0,0.0,9.9
recent_weather,2026-06-17T14:49:19+00:00,2988507,Paris,FR,2026-06-02,48.86,2.3399997,Europe/Paris,22.7,17.3,19.5,5.6,5.1,0.0,19.9
recent_weather,2026-06-17T14:49:19+00:00,2988507,Paris,FR,2026-06-03,48.86,2.3399997,Europe/Paris,20.5,14.2,17.3,0.0,0.0,0.0,22.2
recent_weather,2026-06-17T14:49:19+00:00,2988507,Paris,FR,2026-06-04,48.86,2.3399997,Europe/Paris,20.5,15.2,17.4,2.1,1.4,0.0,19.1
recent_weather,2026-06-17T14:49:19+00:00,2988507,Paris,FR,2026-06-05,48.86,2.3399997,Europe/Paris,19.2,12.2,15.9,0.0,0.0,0.0,12.6
recent_weather,2026-06-17T14:49:19+00:00,2988507,Paris,FR,2026-06-06,48.86,2.3399997,Europe/Paris,21.0,13.9,16.8,1.7,1.7,0.0,21.4
recent_weather,2026-06-17T14:49:19+00:00,2988507,Paris,FR,2026-06-07,48.86,2.3399997,Europe/Paris,23.2,12.4,17.9,0.0,0.0,0.0,12.2
recent_weather,2026-06-17T14:49:19+00:00,2988507,Paris,FR,2026-06-08,48.86,2.3399997,Europe/Paris,22.4,14.0,18.0,1.5,1.5,0.0,19.0
recent_weather,2026-06-17T14:49:19+00:00,2988507,Paris,FR,2026-06-09,48.86,2.3399997,Europe/Paris,20.2,10.7,15.2,0.3,0.3,0.0,18.6
recent_weather,2026-06-17T14:49:19+00:00,2988507,Paris,FR,2026-06-10,48.86,2.3399997,Europe/Paris,17.8,12.7,15.2,2.4,2.3,0.0,16.7
recent_weather,2026-06-17T14:49:19+00:00,2988507,Paris,FR,2026-06-11,48.86,2.3399997,Europe/Paris,18.5,10.1,15.1,0.0,0.0,0.0,15.0
recent_weather,2026-06-17T14:49:19+00:00,2988507,Paris,FR,2026-06-12,48.86,2.3399997,Europe/Paris,25.4,16.6,20.5,0.0,0.0,0.0,17.3
recent_weather,2026-06-17T14:49:19+00:00,2988507,Paris,FR,2026-06-13,48.86,2.3399997,Europe/Paris,28.0,16.2,21.8,0.0,0.0,0.0,15.0
recent_weather,2026-06-17T14:49:19+00:00,2988507,Paris,FR,2026-06-14,48.86,2.3399997,Europe/Paris,26.4,14.4,20.4,0.0,0.0,0.0,12.5
recent_weather,2026-06-17T14:49:19+00:00,2988507,Paris,FR,2026-06-15,48.86,2.3399997,Europe/Paris,28.8,14.6,21.3,1.3,1.3,0.0,10.0
recent_weather,2026-06-17T14:49:19+00:00,2988507,Paris,FR,2026-06-16,48.86,2.3399997,Europe/Paris,27.7,21.2,24.3,0.4,0.3,0.0,13.4
recent_weather,2026-06-17T14:49:19+00:00,2988507,Paris,FR,2026-06-17,48.86,2.3399997,Europe/Paris,32.7,19.1,25.7,0.0,0.0,0.0,12.2
recent_weather,2026-06-17T14:49:19+00:00,2950159,Berlin,DE,2026-04-18,52.52,13.419998,Europe/Berlin,19.7,8.5,14.4,0.0,0.0,0.0,6.1
recent_weather,2026-06-17T14:49:19+00:00,2950159,Berlin,DE,2026-04-19,52.52,13.419998,Europe/Berlin,14.1,6.0,11.1,27.4,26.7,0.0,21.4
recent_weather,2026-06-17T14:49:19+00:00,2950159,Berlin,DE,2026-04-20,52.52,13.419998,Europe/Berlin,10.0,4.4,7.3,6.4,6.2,0.0,16.1
recent_weather,2026-06-17T14:49:19+00:00,2950159,Berlin,DE,2026-04-21,52.52,13.419998,Europe/Berlin,13.3,2.4,8.2,0.0,0.0,0.0,11.7
recent_weather,2026-06-17T14:49:19+00:00,2950159,Berlin,DE,2026-04-22,52.52,13.419998,Europe/Berlin,17.7,2.5,10.5,0.0,0.0,0.0,15.9
recent_weather,2026-06-17T14:49:19+00:00,2950159,Berlin,DE,2026-04-23,52.52,13.419998,Europe/Berlin,16.2,5.4,10.7,0.0,0.0,0.0,15.8
recent_weather,2026-06-17T14:49:19+00:00,2950159,Berlin,DE,2026-04-24,52.52,13.419998,Europe/Berlin,16.5,6.4,10.6,0.0,0.0,0.0,16.3
recent_weather,2026-06-17T14:49:19+00:00,2950159,Berlin,DE,2026-04-25,52.52,13.419998,Europe/Berlin,16.7,6.1,10.5,0.0,0.0,0.0,24.4
recent_weather,2026-06-17T14:49:19+00:00,2950159,Berlin,DE,2026-04-26,52.52,13.419998,Europe/Berlin,14.0,4.6,9.7,0.0,0.0,0.0,20.5
recent_weather,2026-06-17T14:49:19+00:00,2950159,Berlin,DE,2026-04-27,52.52,13.419998,Europe/Berlin,16.5,4.9,11.1,0.0,0.0,0.0,14.8
recent_weather,2026-06-17T14:49:19+00:00,2950159,Berlin,DE,2026-04-28,52.52,13.419998,Europe/Berlin,14.5,4.5,10.0,0.0,0.0,0.0,18.1
recent_weather,2026-06-17T14:49:19+00:00,2950159,Berlin,DE,2026-04-29,52.52,13.419998,Europe/Berlin,13.7,4.2,9.5,0.0,0.0,0.0,15.5
recent_weather,2026-06-17T14:49:19+00:00,2950159,Berlin,DE,2026-04-30,52.52,13.419998,Europe/Berlin,19.5,5.3,12.7,0.0,0.0,0.0,9.9
recent_weather,2026-06-17T14:49:19+00:00,2950159,Berlin,DE,2026-05-01,52.52,13.419998,Europe/Berlin,23.5,9.1,16.7,0.0,0.0,0.0,7.5
recent_weather,2026-06-17T14:49:19+00:00,2950159,Berlin,DE,2026-05-02,52.52,13.419998,Europe/Berlin,26.0,10.3,19.1,0.0,0.0,0.0,13.4
recent_weather,2026-06-17T14:49:19+00:00,2950159,Berlin,DE,2026-05-03,52.52,13.419998,Europe/Berlin,28.4,12.7,21.2,0.0,0.0,0.0,15.3
recent_weather,2026-06-17T14:49:19+00:00,2950159,Berlin,DE,2026-05-04,52.52,13.419998,Europe/Berlin,22.1,16.7,19.7,0.4,0.3,0.0,15.4
recent_weather,2026-06-17T14:49:19+00:00,2950159,Berlin,DE,2026-05-05,52.52,13.419998,Europe/Berlin,19.0,13.3,15.8,0.8,0.8,0.0,12.8
recent_weather,2026-06-17T14:49:19+00:00,2950159,Berlin,DE,2026-05-06,52.52,13.419998,Europe/Berlin,12.7,10.3,11.7,16.0,16.0,0.0,13.0
recent_weather,2026-06-17T14:49:19+00:00,2950159,Berlin,DE,2026-05-07,52.52,13.419998,Europe/Berlin,11.0,7.3,9.2,0.1,0.1,0.0,14.2
recent_weather,2026-06-17T14:49:19+00:00,2950159,Berlin,DE,2026-05-08,52.52,13.419998,Europe/Berlin,13.8,7.2,10.8,0.1,0.1,0.0,8.5
recent_weather,2026-06-17T14:49:19+00:00,2950159,Berlin,DE,2026-05-09,52.52,13.419998,Europe/Berlin,16.5,8.5,12.7,0.0,0.0,0.0,7.4
recent_weather,2026-06-17T14:49:19+00:00,2950159,Berlin,DE,2026-05-10,52.52,13.419998,Europe/Berlin,20.7,8.2,14.7,0.0,0.0,0.0,10.2
recent_weather,2026-06-17T14:49:19+00:00,2950159,Berlin,DE,2026-05-11,52.52,13.419998,Europe/Berlin,16.6,8.8,13.0,1.5,1.0,0.0,19.2
recent_weather,2026-06-17T14:49:19+00:00,2950159,Berlin,DE,2026-05-12,52.52,13.419998,Europe/Berlin,12.3,5.7,8.5,8.0,7.6,0.0,18.5
recent_weather,2026-06-17T14:49:19+00:00,2950159,Berlin,DE,2026-05-13,52.52,13.419998,Europe/Berlin,12.9,6.2,9.3,2.3,2.3,0.0,15.2
recent_weather,2026-06-17T14:49:19+00:00,2950159,Berlin,DE,2026-05-14,52.52,13.419998,Europe/Berlin,13.6,7.6,10.1,4.7,4.4,0.0,15.1
recent_weather,2026-06-17T14:49:19+00:00,2950159,Berlin,DE,2026-05-15,52.52,13.419998,Europe/Berlin,15.3,5.1,11.1,0.0,0.0,0.0,9.6
recent_weather,2026-06-17T14:49:19+00:00,2950159,Berlin,DE,2026-05-16,52.52,13.419998,Europe/Berlin,14.3,6.4,11.3,0.0,0.0,0.0,15.6
recent_weather,2026-06-17T14:49:19+00:00,2950159,Berlin,DE,2026-05-17,52.52,13.419998,Europe/Berlin,18.3,6.1,13.1,0.0,0.0,0.0,9.7
recent_weather,2026-06-17T14:49:19+00:00,2950159,Berlin,DE,2026-05-18,52.52,13.419998,Europe/Berlin,19.1,8.4,14.6,0.0,0.0,0.0,13.7
recent_weather,2026-06-17T14:49:19+00:00,2950159,Berlin,DE,2026-05-19,52.52,13.419998,Europe/Berlin,20.2,10.0,15.3,0.0,0.0,0.0,11.7
recent_weather,2026-06-17T14:49:19+00:00,2950159,Berlin,DE,2026-05-20,52.52,13.419998,Europe/Berlin,19.5,14.0,16.1,8.7,8.5,0.0,15.7
recent_weather,2026-06-17T14:49:19+00:00,2950159,Berlin,DE,2026-05-21,52.52,13.419998,Europe/Berlin,20.5,11.6,16.5,1.2,1.2,0.0,11.2
recent_weather,2026-06-17T14:49:19+00:00,2950159,Berlin,DE,2026-05-22,52.52,13.419998,Europe/Berlin,23.5,12.5,18.7,0.0,0.0,0.0,9.3
recent_weather,2026-06-17T14:49:19+00:00,2950159,Berlin,DE,2026-05-23,52.52,13.419998,Europe/Berlin,27.9,14.4,21.6,0.0,0.0,0.0,8.7
recent_weather,2026-06-17T14:49:19+00:00,2950159,Berlin,DE,2026-05-24,52.52,13.419998,Europe/Berlin,27.8,17.8,22.8,0.0,0.0,0.0,15.8
recent_weather,2026-06-17T14:49:19+00:00,2950159,Berlin,DE,2026-05-25,52.52,13.419998,Europe/Berlin,26.2,13.9,20.3,0.0,0.0,0.0,9.3
recent_weather,2026-06-17T14:49:19+00:00,2950159,Berlin,DE,2026-05-26,52.52,13.419998,Europe/Berlin,29.7,15.7,23.1,0.0,0.0,0.0,14.7
recent_weather,2026-06-17T14:49:19+00:00,2950159,Berlin,DE,2026-05-27,52.52,13.419998,Europe/Berlin,23.2,15.4,19.5,0.0,0.0,0.0,15.9
recent_weather,2026-06-17T14:49:19+00:00,2950159,Berlin,DE,2026-05-28,52.52,13.419998,Europe/Berlin,21.0,9.9,16.1,0.0,0.0,0.0,11.4
recent_weather,2026-06-17T14:49:19+00:00,2950159,Berlin,DE,2026-05-29,52.52,13.419998,Europe/Berlin,26.8,11.9,19.9,0.0,0.0,0.0,11.1
recent_weather,2026-06-17T14:49:19+00:00,2950159,Berlin,DE,2026-05-30,52.52,13.419998,Europe/Berlin,22.4,17.7,20.4,0.0,0.0,0.0,17.9
recent_weather,2026-06-17T14:49:19+00:00,2950159,Berlin,DE,2026-05-31,52.52,13.419998,Europe/Berlin,22.7,13.7,18.3,2.3,2.1,0.0,12.3
recent_weather,2026-06-17T14:49:19+00:00,2950159,Berlin,DE,2026-06-01,52.52,13.419998,Europe/Berlin,22.2,13.3,17.7,0.0,0.0,0.0,12.8
recent_weather,2026-06-17T14:49:19+00:00,2950159,Berlin,DE,2026-06-02,52.52,13.419998,Europe/Berlin,26.2,15.0,20.8,0.0,0.0,0.0,12.6
recent_weather,2026-06-17T14:49:19+00:00,2950159,Berlin,DE,2026-06-03,52.52,13.419998,Europe/Berlin,20.6,16.0,18.7,4.8,4.8,0.0,15.4
recent_weather,2026-06-17T14:49:19+00:00,2950159,Berlin,DE,2026-06-04,52.52,13.419998,Europe/Berlin,23.6,13.7,18.7,1.9,1.8,0.0,21.6
recent_weather,2026-06-17T14:49:19+00:00,2950159,Berlin,DE,2026-06-05,52.52,13.419998,Europe/Berlin,21.1,15.0,18.0,0.4,0.4,0.0,15.3
recent_weather,2026-06-17T14:49:19+00:00,2950159,Berlin,DE,2026-06-06,52.52,13.419998,Europe/Berlin,24.6,12.0,19.0,0.0,0.0,0.0,11.2
recent_weather,2026-06-17T14:49:19+00:00,2950159,Berlin,DE,2026-06-07,52.52,13.419998,Europe/Berlin,20.6,15.9,18.5,0.6,0.6,0.0,20.2
recent_weather,2026-06-17T14:49:19+00:00,2950159,Berlin,DE,2026-06-08,52.52,13.419998,Europe/Berlin,25.6,13.0,19.8,0.0,0.0,0.0,11.3
recent_weather,2026-06-17T14:49:19+00:00,2950159,Berlin,DE,2026-06-09,52.52,13.419998,Europe/Berlin,21.1,15.4,18.6,0.5,0.5,0.0,28.7
recent_weather,2026-06-17T14:49:19+00:00,2950159,Berlin,DE,2026-06-10,52.52,13.419998,Europe/Berlin,19.6,11.2,15.8,0.6,0.6,0.0,17.0
recent_weather,2026-06-17T14:49:19+00:00,2950159,Berlin,DE,2026-06-11,52.52,13.419998,Europe/Berlin,19.1,11.9,15.7,1.2,1.2,0.0,15.9
recent_weather,2026-06-17T14:49:19+00:00,2950159,Berlin,DE,2026-06-12,52.52,13.419998,Europe/Berlin,17.7,11.4,15.1,1.9,1.7,0.0,15.1
recent_weather,2026-06-17T14:49:19+00:00,2950159,Berlin,DE,2026-06-13,52.52,13.419998,Europe/Berlin,19.8,13.4,16.5,1.8,1.8,0.0,20.9
recent_weather,2026-06-17T14:49:19+00:00,2950159,Berlin,DE,2026-06-14,52.52,13.419998,Europe/Berlin,16.6,11.7,14.2,1.3,1.3,0.0,21.7
recent_weather,2026-06-17T14:49:19+00:00,2950159,Berlin,DE,2026-06-15,52.52,13.419998,Europe/Berlin,19.4,12.4,15.3,0.0,0.0,0.0,24.5
recent_weather,2026-06-17T14:49:19+00:00,2950159,Berlin,DE,2026-06-16,52.52,13.419998,Europe/Berlin,22.3,10.0,16.4,0.0,0.0,0.0,12.7
recent_weather,2026-06-17T14:49:19+00:00,2950159,Berlin,DE,2026-06-17,52.52,13.419998,Europe/Berlin,25.0,11.9,19.1,0.0,0.0,0.0,13.4
recent_weather,2026-06-17T14:49:19+00:00,2759794,Amsterdam,NL,2026-04-18,52.366,4.901,Europe/Amsterdam,14.5,8.2,11.4,0.0,0.0,0.0,14.4
recent_weather,2026-06-17T14:49:19+00:00,2759794,Amsterdam,NL,2026-04-19,52.366,4.901,Europe/Amsterdam,12.7,6.6,9.3,1.5,0.2,0.0,13.7
recent_weather,2026-06-17T14:49:19+00:00,2759794,Amsterdam,NL,2026-04-20,52.366,4.901,Europe/Amsterdam,11.2,3.9,7.9,1.5,0.6,0.0,15.5
recent_weather,2026-06-17T14:49:19+00:00,2759794,Amsterdam,NL,2026-04-21,52.366,4.901,Europe/Amsterdam,12.6,4.7,8.7,0.3,0.3,0.0,18.2
recent_weather,2026-06-17T14:49:19+00:00,2759794,Amsterdam,NL,2026-04-22,52.366,4.901,Europe/Amsterdam,16.6,7.6,11.8,0.0,0.0,0.0,18.7
recent_weather,2026-06-17T14:49:19+00:00,2759794,Amsterdam,NL,2026-04-23,52.366,4.901,Europe/Amsterdam,16.7,7.5,11.4,0.0,0.0,0.0,15.5
recent_weather,2026-06-17T14:49:19+00:00,2759794,Amsterdam,NL,2026-04-24,52.366,4.901,Europe/Amsterdam,16.4,7.6,11.0,0.0,0.0,0.0,14.8
recent_weather,2026-06-17T14:49:19+00:00,2759794,Amsterdam,NL,2026-04-25,52.366,4.901,Europe/Amsterdam,16.0,7.0,11.1,0.0,0.0,0.0,13.3
recent_weather,2026-06-17T14:49:19+00:00,2759794,Amsterdam,NL,2026-04-26,52.366,4.901,Europe/Amsterdam,15.6,8.3,11.4,0.0,0.0,0.0,14.8
recent_weather,2026-06-17T14:49:19+00:00,2759794,Amsterdam,NL,2026-04-27,52.366,4.901,Europe/Amsterdam,13.5,8.0,11.0,0.0,0.0,0.0,19.1
recent_weather,2026-06-17T14:49:19+00:00,2759794,Amsterdam,NL,2026-04-28,52.366,4.901,Europe/Amsterdam,17.7,9.4,13.1,0.0,0.0,0.0,22.7
recent_weather,2026-06-17T14:49:19+00:00,2759794,Amsterdam,NL,2026-04-29,52.366,4.901,Europe/Amsterdam,18.5,9.5,13.9,0.0,0.0,0.0,27.0
recent_weather,2026-06-17T14:49:19+00:00,2759794,Amsterdam,NL,2026-04-30,52.366,4.901,Europe/Amsterdam,20.5,9.9,15.4,0.0,0.0,0.0,28.4
recent_weather,2026-06-17T14:49:19+00:00,2759794,Amsterdam,NL,2026-05-01,52.366,4.901,Europe/Amsterdam,23.6,11.8,18.0,0.0,0.0,0.0,19.8
recent_weather,2026-06-17T14:49:19+00:00,2759794,Amsterdam,NL,2026-05-02,52.366,4.901,Europe/Amsterdam,21.4,12.5,16.6,1.1,1.1,0.0,15.1
recent_weather,2026-06-17T14:49:19+00:00,2759794,Amsterdam,NL,2026-05-03,52.366,4.901,Europe/Amsterdam,17.3,14.7,15.9,9.2,9.2,0.0,13.0
recent_weather,2026-06-17T14:49:19+00:00,2759794,Amsterdam,NL,2026-05-04,52.366,4.901,Europe/Amsterdam,18.9,11.9,15.0,0.1,0.1,0.0,17.6
recent_weather,2026-06-17T14:49:19+00:00,2759794,Amsterdam,NL,2026-05-05,52.366,4.901,Europe/Amsterdam,16.3,10.4,12.4,0.0,0.0,0.0,21.2
recent_weather,2026-06-17T14:49:19+00:00,2759794,Amsterdam,NL,2026-05-06,52.366,4.901,Europe/Amsterdam,16.7,9.4,12.7,0.0,0.0,0.0,17.6
recent_weather,2026-06-17T14:49:19+00:00,2759794,Amsterdam,NL,2026-05-07,52.366,4.901,Europe/Amsterdam,17.6,8.7,13.0,0.0,0.0,0.0,14.4
recent_weather,2026-06-17T14:49:19+00:00,2759794,Amsterdam,NL,2026-05-08,52.366,4.901,Europe/Amsterdam,18.8,11.2,14.9,0.0,0.0,0.0,11.5
recent_weather,2026-06-17T14:49:19+00:00,2759794,Amsterdam,NL,2026-05-09,52.366,4.901,Europe/Amsterdam,19.3,11.6,15.6,0.0,0.0,0.0,12.2
recent_weather,2026-06-17T14:49:19+00:00,2759794,Amsterdam,NL,2026-05-10,52.366,4.901,Europe/Amsterdam,16.2,10.7,13.3,0.0,0.0,0.0,23.0
recent_weather,2026-06-17T14:49:19+00:00,2759794,Amsterdam,NL,2026-05-11,52.366,4.901,Europe/Amsterdam,11.7,8.4,9.7,1.4,1.4,0.0,35.3
recent_weather,2026-06-17T14:49:19+00:00,2759794,Amsterdam,NL,2026-05-12,52.366,4.901,Europe/Amsterdam,13.4,7.9,10.4,0.3,0.3,0.0,27.0
recent_weather,2026-06-17T14:49:19+00:00,2759794,Amsterdam,NL,2026-05-13,52.366,4.901,Europe/Amsterdam,13.4,8.8,10.9,2.6,2.6,0.0,15.8
recent_weather,2026-06-17T14:49:19+00:00,2759794,Amsterdam,NL,2026-05-14,52.366,4.901,Europe/Amsterdam,12.9,7.4,9.9,1.1,1.1,0.0,18.0
recent_weather,2026-06-17T14:49:19+00:00,2759794,Amsterdam,NL,2026-05-15,52.366,4.901,Europe/Amsterdam,10.5,8.1,9.3,2.7,2.7,0.0,17.6
recent_weather,2026-06-17T14:49:19+00:00,2759794,Amsterdam,NL,2026-05-16,52.366,4.901,Europe/Amsterdam,13.7,7.8,10.1,2.4,2.4,0.0,20.5
recent_weather,2026-06-17T14:49:19+00:00,2759794,Amsterdam,NL,2026-05-17,52.366,4.901,Europe/Amsterdam,15.7,8.7,11.7,5.4,5.4,0.0,16.6
recent_weather,2026-06-17T14:49:19+00:00,2759794,Amsterdam,NL,2026-05-18,52.366,4.901,Europe/Amsterdam,15.8,10.6,12.9,6.0,6.0,0.0,14.4
recent_weather,2026-06-17T14:49:19+00:00,2759794,Amsterdam,NL,2026-05-19,52.366,4.901,Europe/Amsterdam,16.4,8.7,12.6,0.9,0.9,0.0,19.1
recent_weather,2026-06-17T14:49:19+00:00,2759794,Amsterdam,NL,2026-05-20,52.366,4.901,Europe/Amsterdam,18.0,13.1,15.0,4.5,4.5,0.0,26.6
recent_weather,2026-06-17T14:49:19+00:00,2759794,Amsterdam,NL,2026-05-21,52.366,4.901,Europe/Amsterdam,20.1,13.5,17.0,0.4,0.4,0.0,19.1
recent_weather,2026-06-17T14:49:19+00:00,2759794,Amsterdam,NL,2026-05-22,52.366,4.901,Europe/Amsterdam,26.0,14.8,20.7,0.0,0.0,0.0,13.7
recent_weather,2026-06-17T14:49:19+00:00,2759794,Amsterdam,NL,2026-05-23,52.366,4.901,Europe/Amsterdam,30.0,17.8,23.6,0.0,0.0,0.0,14.8
recent_weather,2026-06-17T14:49:19+00:00,2759794,Amsterdam,NL,2026-05-24,52.366,4.901,Europe/Amsterdam,25.3,15.7,20.6,0.0,0.0,0.0,14.0
recent_weather,2026-06-17T14:49:19+00:00,2759794,Amsterdam,NL,2026-05-25,52.366,4.901,Europe/Amsterdam,28.9,17.1,23.0,0.0,0.0,0.0,13.0
recent_weather,2026-06-17T14:49:19+00:00,2759794,Amsterdam,NL,2026-05-26,52.366,4.901,Europe/Amsterdam,31.6,19.7,25.8,0.0,0.0,0.0,14.4
recent_weather,2026-06-17T14:49:19+00:00,2759794,Amsterdam,NL,2026-05-27,52.366,4.901,Europe/Amsterdam,21.6,15.9,18.4,0.0,0.0,0.0,18.4
recent_weather,2026-06-17T14:49:19+00:00,2759794,Amsterdam,NL,2026-05-28,52.366,4.901,Europe/Amsterdam,24.6,12.3,18.5,0.0,0.0,0.0,18.4
recent_weather,2026-06-17T14:49:19+00:00,2759794,Amsterdam,NL,2026-05-29,52.366,4.901,Europe/Amsterdam,28.2,19.5,21.9,3.5,3.5,0.0,18.0
recent_weather,2026-06-17T14:49:19+00:00,2759794,Amsterdam,NL,2026-05-30,52.366,4.901,Europe/Amsterdam,24.9,15.0,20.3,0.0,0.0,0.0,18.7
recent_weather,2026-06-17T14:49:19+00:00,2759794,Amsterdam,NL,2026-05-31,52.366,4.901,Europe/Amsterdam,24.9,17.3,20.4,0.0,0.0,0.0,16.9
recent_weather,2026-06-17T14:49:19+00:00,2759794,Amsterdam,NL,2026-06-01,52.366,4.901,Europe/Amsterdam,22.8,16.7,19.5,0.0,0.0,0.0,16.2
recent_weather,2026-06-17T14:49:19+00:00,2759794,Amsterdam,NL,2026-06-02,52.366,4.901,Europe/Amsterdam,19.9,15.8,17.8,26.7,26.7,0.0,16.9
recent_weather,2026-06-17T14:49:19+00:00,2759794,Amsterdam,NL,2026-06-03,52.366,4.901,Europe/Amsterdam,18.3,15.0,16.2,4.1,4.1,0.0,27.7
recent_weather,2026-06-17T14:49:19+00:00,2759794,Amsterdam,NL,2026-06-04,52.366,4.901,Europe/Amsterdam,17.5,14.3,15.7,5.2,5.2,0.0,28.4
recent_weather,2026-06-17T14:49:19+00:00,2759794,Amsterdam,NL,2026-06-05,52.366,4.901,Europe/Amsterdam,19.5,14.1,16.7,5.2,5.2,0.0,21.6
recent_weather,2026-06-17T14:49:19+00:00,2759794,Amsterdam,NL,2026-06-06,52.366,4.901,Europe/Amsterdam,19.5,13.4,16.4,1.9,1.9,0.0,24.1
recent_weather,2026-06-17T14:49:19+00:00,2759794,Amsterdam,NL,2026-06-07,52.366,4.901,Europe/Amsterdam,18.6,13.4,15.9,5.7,5.7,0.0,27.4
recent_weather,2026-06-17T14:49:19+00:00,2759794,Amsterdam,NL,2026-06-08,52.366,4.901,Europe/Amsterdam,21.3,14.4,16.5,5.5,5.5,0.0,18.7
recent_weather,2026-06-17T14:49:19+00:00,2759794,Amsterdam,NL,2026-06-09,52.366,4.901,Europe/Amsterdam,17.4,13.3,15.4,0.8,0.8,0.0,28.1
recent_weather,2026-06-17T14:49:19+00:00,2759794,Amsterdam,NL,2026-06-10,52.366,4.901,Europe/Amsterdam,17.2,11.6,14.3,4.5,4.5,0.0,27.4
recent_weather,2026-06-17T14:49:19+00:00,2759794,Amsterdam,NL,2026-06-11,52.366,4.901,Europe/Amsterdam,17.6,11.8,14.3,3.9,3.9,0.0,18.4
recent_weather,2026-06-17T14:49:19+00:00,2759794,Amsterdam,NL,2026-06-12,52.366,4.901,Europe/Amsterdam,18.0,12.6,16.3,5.2,5.2,0.0,25.6
recent_weather,2026-06-17T14:49:19+00:00,2759794,Amsterdam,NL,2026-06-13,52.366,4.901,Europe/Amsterdam,17.2,14.8,15.9,2.4,2.4,0.0,25.6
recent_weather,2026-06-17T14:49:19+00:00,2759794,Amsterdam,NL,2026-06-14,52.366,4.901,Europe/Amsterdam,17.2,14.0,15.4,2.2,2.2,0.0,20.5
recent_weather,2026-06-17T14:49:19+00:00,2759794,Amsterdam,NL,2026-06-15,52.366,4.901,Europe/Amsterdam,18.3,13.6,15.8,0.1,0.1,0.0,17.3
recent_weather,2026-06-17T14:49:19+00:00,2759794,Amsterdam,NL,2026-06-16,52.366,4.901,Europe/Amsterdam,22.9,13.8,18.0,0.0,0.0,0.0,16.6
recent_weather,2026-06-17T14:49:19+00:00,2759794,Amsterdam,NL,2026-06-17,52.366,4.901,Europe/Amsterdam,23.8,17.2,20.0,1.8,1.8,0.0,22.7
recent_weather,2026-06-17T14:49:19+00:00,2800866,Brussels,BE,2026-04-18,50.854,4.35,Europe/Brussels,16.0,11.0,13.0,5.6,1.5,0.0,11.5
recent_weather,2026-06-17T14:49:19+00:00,2800866,Brussels,BE,2026-04-19,50.854,4.35,Europe/Brussels,14.5,6.7,10.7,1.7,0.2,0.0,14.7
recent_weather,2026-06-17T14:49:19+00:00,2800866,Brussels,BE,2026-04-20,50.854,4.35,Europe/Brussels,12.7,5.0,8.9,0.4,0.0,0.0,10.6
recent_weather,2026-06-17T14:49:19+00:00,2800866,Brussels,BE,2026-04-21,50.854,4.35,Europe/Brussels,14.5,4.6,9.6,0.5,0.0,0.0,17.8
recent_weather,2026-06-17T14:49:19+00:00,2800866,Brussels,BE,2026-04-22,50.854,4.35,Europe/Brussels,18.5,6.7,12.9,0.0,0.0,0.0,17.3
recent_weather,2026-06-17T14:49:19+00:00,2800866,Brussels,BE,2026-04-23,50.854,4.35,Europe/Brussels,20.4,8.1,14.4,0.0,0.0,0.0,18.4
recent_weather,2026-06-17T14:49:19+00:00,2800866,Brussels,BE,2026-04-24,50.854,4.35,Europe/Brussels,20.5,6.2,12.9,0.0,0.0,0.0,13.3
recent_weather,2026-06-17T14:49:19+00:00,2800866,Brussels,BE,2026-04-25,50.854,4.35,Europe/Brussels,19.8,7.1,13.5,0.0,0.0,0.0,12.2
recent_weather,2026-06-17T14:49:19+00:00,2800866,Brussels,BE,2026-04-26,50.854,4.35,Europe/Brussels,19.6,7.8,13.9,0.0,0.0,0.0,12.6
recent_weather,2026-06-17T14:49:19+00:00,2800866,Brussels,BE,2026-04-27,50.854,4.35,Europe/Brussels,20.7,10.5,15.6,0.0,0.0,0.0,14.0
recent_weather,2026-06-17T14:49:19+00:00,2800866,Brussels,BE,2026-04-28,50.854,4.35,Europe/Brussels,21.3,10.5,15.8,0.0,0.0,0.0,20.5
recent_weather,2026-06-17T14:49:19+00:00,2800866,Brussels,BE,2026-04-29,50.854,4.35,Europe/Brussels,21.2,10.0,15.9,0.0,0.0,0.0,22.0
recent_weather,2026-06-17T14:49:19+00:00,2800866,Brussels,BE,2026-04-30,50.854,4.35,Europe/Brussels,22.8,10.0,16.3,0.0,0.0,0.0,22.3
recent_weather,2026-06-17T14:49:19+00:00,2800866,Brussels,BE,2026-05-01,50.854,4.35,Europe/Brussels,25.3,11.3,18.5,0.0,0.0,0.0,13.7
recent_weather,2026-06-17T14:49:19+00:00,2800866,Brussels,BE,2026-05-02,50.854,4.35,Europe/Brussels,24.8,16.0,20.1,2.0,2.0,0.0,12.6
recent_weather,2026-06-17T14:49:19+00:00,2800866,Brussels,BE,2026-05-03,50.854,4.35,Europe/Brussels,19.3,15.2,17.0,8.7,8.7,0.0,13.7
recent_weather,2026-06-17T14:49:19+00:00,2800866,Brussels,BE,2026-05-04,50.854,4.35,Europe/Brussels,19.2,13.4,16.1,4.2,4.2,0.0,13.3
recent_weather,2026-06-17T14:49:19+00:00,2800866,Brussels,BE,2026-05-05,50.854,4.35,Europe/Brussels,14.3,11.2,12.6,2.0,2.0,0.0,14.0
recent_weather,2026-06-17T14:49:19+00:00,2800866,Brussels,BE,2026-05-06,50.854,4.35,Europe/Brussels,15.3,9.1,11.3,9.2,9.2,0.0,16.9
recent_weather,2026-06-17T14:49:19+00:00,2800866,Brussels,BE,2026-05-07,50.854,4.35,Europe/Brussels,18.2,8.3,13.6,0.0,0.0,0.0,9.7
recent_weather,2026-06-17T14:49:19+00:00,2800866,Brussels,BE,2026-05-08,50.854,4.35,Europe/Brussels,20.3,11.3,16.2,0.0,0.0,0.0,10.1
recent_weather,2026-06-17T14:49:19+00:00,2800866,Brussels,BE,2026-05-09,50.854,4.35,Europe/Brussels,22.6,12.6,17.9,0.0,0.0,0.0,12.6
recent_weather,2026-06-17T14:49:19+00:00,2800866,Brussels,BE,2026-05-10,50.854,4.35,Europe/Brussels,19.9,12.0,15.9,0.0,0.0,0.0,20.5
recent_weather,2026-06-17T14:49:19+00:00,2800866,Brussels,BE,2026-05-11,50.854,4.35,Europe/Brussels,13.6,8.1,10.5,4.9,4.9,0.0,23.8
recent_weather,2026-06-17T14:49:19+00:00,2800866,Brussels,BE,2026-05-12,50.854,4.35,Europe/Brussels,14.9,5.6,10.2,0.2,0.2,0.0,18.0
recent_weather,2026-06-17T14:49:19+00:00,2800866,Brussels,BE,2026-05-13,50.854,4.35,Europe/Brussels,14.5,8.3,10.8,6.7,6.7,0.0,28.1
recent_weather,2026-06-17T14:49:19+00:00,2800866,Brussels,BE,2026-05-14,50.854,4.35,Europe/Brussels,13.4,7.3,9.7,6.5,6.5,0.0,20.2
recent_weather,2026-06-17T14:49:19+00:00,2800866,Brussels,BE,2026-05-15,50.854,4.35,Europe/Brussels,11.3,5.6,8.7,1.7,1.7,0.0,15.5
recent_weather,2026-06-17T14:49:19+00:00,2800866,Brussels,BE,2026-05-16,50.854,4.35,Europe/Brussels,14.5,5.7,10.4,1.0,1.0,0.0,15.1
recent_weather,2026-06-17T14:49:19+00:00,2800866,Brussels,BE,2026-05-17,50.854,4.35,Europe/Brussels,16.1,9.6,11.9,9.3,9.3,0.0,16.6
recent_weather,2026-06-17T14:49:19+00:00,2800866,Brussels,BE,2026-05-18,50.854,4.35,Europe/Brussels,15.7,10.1,12.7,1.3,1.3,0.0,17.3
recent_weather,2026-06-17T14:49:19+00:00,2800866,Brussels,BE,2026-05-19,50.854,4.35,Europe/Brussels,15.8,10.2,13.2,1.1,1.1,0.0,20.2
recent_weather,2026-06-17T14:49:19+00:00,2800866,Brussels,BE,2026-05-20,50.854,4.35,Europe/Brussels,19.0,13.5,15.5,3.2,3.2,0.0,20.9
recent_weather,2026-06-17T14:49:19+00:00,2800866,Brussels,BE,2026-05-21,50.854,4.35,Europe/Brussels,22.8,11.9,17.6,0.0,0.0,0.0,16.2
recent_weather,2026-06-17T14:49:19+00:00,2800866,Brussels,BE,2026-05-22,50.854,4.35,Europe/Brussels,28.8,16.2,22.8,0.0,0.0,0.0,13.3
recent_weather,2026-06-17T14:49:19+00:00,2800866,Brussels,BE,2026-05-23,50.854,4.35,Europe/Brussels,31.3,20.5,26.2,0.0,0.0,0.0,10.8
recent_weather,2026-06-17T14:49:19+00:00,2800866,Brussels,BE,2026-05-24,50.854,4.35,Europe/Brussels,31.0,20.0,25.4,0.0,0.0,0.0,14.4
recent_weather,2026-06-17T14:49:19+00:00,2800866,Brussels,BE,2026-05-25,50.854,4.35,Europe/Brussels,31.5,21.2,26.8,0.0,0.0,0.0,12.6
recent_weather,2026-06-17T14:49:19+00:00,2800866,Brussels,BE,2026-05-26,50.854,4.35,Europe/Brussels,32.8,21.9,27.6,0.0,0.0,0.0,15.5
recent_weather,2026-06-17T14:49:19+00:00,2800866,Brussels,BE,2026-05-27,50.854,4.35,Europe/Brussels,29.7,20.5,25.2,0.0,0.0,0.0,16.9
recent_weather,2026-06-17T14:49:19+00:00,2800866,Brussels,BE,2026-05-28,50.854,4.35,Europe/Brussels,29.2,17.4,23.9,0.0,0.0,0.0,14.8
recent_weather,2026-06-17T14:49:19+00:00,2800866,Brussels,BE,2026-05-29,50.854,4.35,Europe/Brussels,32.0,23.6,27.2,0.1,0.1,0.0,16.6
recent_weather,2026-06-17T14:49:19+00:00,2800866,Brussels,BE,2026-05-30,50.854,4.35,Europe/Brussels,30.5,20.0,24.2,2.6,2.6,0.0,14.4
recent_weather,2026-06-17T14:49:19+00:00,2800866,Brussels,BE,2026-05-31,50.854,4.35,Europe/Brussels,24.4,18.6,20.8,0.0,0.0,0.0,20.2
recent_weather,2026-06-17T14:49:19+00:00,2800866,Brussels,BE,2026-06-01,50.854,4.35,Europe/Brussels,24.8,14.3,20.1,0.0,0.0,0.0,13.0
recent_weather,2026-06-17T14:49:19+00:00,2800866,Brussels,BE,2026-06-02,50.854,4.35,Europe/Brussels,21.8,15.7,19.1,7.6,7.6,0.0,24.5
recent_weather,2026-06-17T14:49:19+00:00,2800866,Brussels,BE,2026-06-03,50.854,4.35,Europe/Brussels,19.1,13.9,16.0,21.9,21.9,0.0,22.7
recent_weather,2026-06-17T14:49:19+00:00,2800866,Brussels,BE,2026-06-04,50.854,4.35,Europe/Brussels,17.9,14.6,15.9,14.2,14.2,0.0,24.8
recent_weather,2026-06-17T14:49:19+00:00,2800866,Brussels,BE,2026-06-05,50.854,4.35,Europe/Brussels,19.6,13.3,16.0,2.2,2.2,0.0,21.2
recent_weather,2026-06-17T14:49:19+00:00,2800866,Brussels,BE,2026-06-06,50.854,4.35,Europe/Brussels,18.8,13.6,15.8,4.3,4.3,0.0,25.9
recent_weather,2026-06-17T14:49:19+00:00,2800866,Brussels,BE,2026-06-07,50.854,4.35,Europe/Brussels,18.9,12.3,15.6,0.0,0.0,0.0,23.8
recent_weather,2026-06-17T14:49:19+00:00,2800866,Brussels,BE,2026-06-08,50.854,4.35,Europe/Brussels,22.8,14.6,17.6,2.4,2.4,0.0,18.4
recent_weather,2026-06-17T14:49:19+00:00,2800866,Brussels,BE,2026-06-09,50.854,4.35,Europe/Brussels,17.7,11.7,14.4,2.6,2.6,0.0,20.9
recent_weather,2026-06-17T14:49:19+00:00,2800866,Brussels,BE,2026-06-10,50.854,4.35,Europe/Brussels,18.2,10.5,14.3,0.4,0.4,0.0,16.9
recent_weather,2026-06-17T14:49:19+00:00,2800866,Brussels,BE,2026-06-11,50.854,4.35,Europe/Brussels,17.3,10.4,13.5,7.6,7.6,0.0,19.4
recent_weather,2026-06-17T14:49:19+00:00,2800866,Brussels,BE,2026-06-12,50.854,4.35,Europe/Brussels,17.1,13.0,15.3,8.5,8.5,0.0,22.7
recent_weather,2026-06-17T14:49:19+00:00,2800866,Brussels,BE,2026-06-13,50.854,4.35,Europe/Brussels,19.9,14.5,16.5,0.6,0.6,0.0,17.6
recent_weather,2026-06-17T14:49:19+00:00,2800866,Brussels,BE,2026-06-14,50.854,4.35,Europe/Brussels,19.3,12.8,16.3,0.0,0.0,0.0,15.5
recent_weather,2026-06-17T14:49:19+00:00,2800866,Brussels,BE,2026-06-15,50.854,4.35,Europe/Brussels,21.0,11.7,16.8,0.0,0.0,0.0,10.1
recent_weather,2026-06-17T14:49:19+00:00,2800866,Brussels,BE,2026-06-16,50.854,4.35,Europe/Brussels,26.3,17.5,21.3,0.0,0.0,0.0,16.6
recent_weather,2026-06-17T14:49:19+00:00,2800866,Brussels,BE,2026-06-17,50.854,4.35,Europe/Brussels,28.4,18.0,23.0,0.0,0.0,0.0,13.0
recent_weather,2026-06-17T14:49:19+00:00,2643743,London,GB,2026-04-18,51.5,-0.25,Europe/London,16.8,9.6,13.3,0.1,0.0,0.0,12.7
recent_weather,2026-06-17T14:49:19+00:00,2643743,London,GB,2026-04-19,51.5,-0.25,Europe/London,14.2,6.5,11.0,0.0,0.0,0.0,14.0
recent_weather,2026-06-17T14:49:19+00:00,2643743,London,GB,2026-04-20,51.5,-0.25,Europe/London,12.9,6.8,10.4,0.2,0.2,0.0,18.0
recent_weather,2026-06-17T14:49:19+00:00,2643743,London,GB,2026-04-21,51.5,-0.25,Europe/London,13.8,6.5,10.0,0.0,0.0,0.0,19.1
recent_weather,2026-06-17T14:49:19+00:00,2643743,London,GB,2026-04-22,51.5,-0.25,Europe/London,16.2,6.8,11.3,0.0,0.0,0.0,20.9
recent_weather,2026-06-17T14:49:19+00:00,2643743,London,GB,2026-04-23,51.5,-0.25,Europe/London,18.5,7.4,12.2,0.0,0.0,0.0,17.3
recent_weather,2026-06-17T14:49:19+00:00,2643743,London,GB,2026-04-24,51.5,-0.25,Europe/London,18.9,5.5,11.7,0.0,0.0,0.0,15.1
recent_weather,2026-06-17T14:49:19+00:00,2643743,London,GB,2026-04-25,51.5,-0.25,Europe/London,21.3,6.3,13.7,0.0,0.0,0.0,10.1
recent_weather,2026-06-17T14:49:19+00:00,2643743,London,GB,2026-04-26,51.5,-0.25,Europe/London,19.3,9.4,14.3,0.0,0.0,0.0,14.4
recent_weather,2026-06-17T14:49:19+00:00,2643743,London,GB,2026-04-27,51.5,-0.25,Europe/London,21.3,9.3,14.9,0.0,0.0,0.0,17.3
recent_weather,2026-06-17T14:49:19+00:00,2643743,London,GB,2026-04-28,51.5,-0.25,Europe/London,16.7,9.6,12.3,0.4,0.4,0.0,21.6
recent_weather,2026-06-17T14:49:19+00:00,2643743,London,GB,2026-04-29,51.5,-0.25,Europe/London,17.5,8.7,13.1,0.0,0.0,0.0,25.2
recent_weather,2026-06-17T14:49:19+00:00,2643743,London,GB,2026-04-30,51.5,-0.25,Europe/London,19.5,11.2,15.5,0.0,0.0,0.0,20.9
recent_weather,2026-06-17T14:49:19+00:00,2643743,London,GB,2026-05-01,51.5,-0.25,Europe/London,25.3,11.6,17.9,0.0,0.0,0.0,15.5
recent_weather,2026-06-17T14:49:19+00:00,2643743,London,GB,2026-05-02,51.5,-0.25,Europe/London,23.5,11.1,15.8,0.9,0.9,0.0,15.5
recent_weather,2026-06-17T14:49:19+00:00,2643743,London,GB,2026-05-03,51.5,-0.25,Europe/London,19.4,13.2,16.0,0.2,0.2,0.0,10.4
recent_weather,2026-06-17T14:49:19+00:00,2643743,London,GB,2026-05-04,51.5,-0.25,Europe/London,16.8,12.9,14.8,0.0,0.0,0.0,12.2
recent_weather,2026-06-17T14:49:19+00:00,2643743,London,GB,2026-05-05,51.5,-0.25,Europe/London,17.1,11.3,14.0,0.2,0.2,0.0,16.6
recent_weather,2026-06-17T14:49:19+00:00,2643743,London,GB,2026-05-06,51.5,-0.25,Europe/London,13.5,8.5,11.4,0.3,0.3,0.0,15.5
recent_weather,2026-06-17T14:49:19+00:00,2643743,London,GB,2026-05-07,51.5,-0.25,Europe/London,15.4,9.2,12.2,0.9,0.9,0.0,11.2
recent_weather,2026-06-17T14:49:19+00:00,2643743,London,GB,2026-05-08,51.5,-0.25,Europe/London,18.4,9.2,14.2,0.2,0.2,0.0,13.0
recent_weather,2026-06-17T14:49:19+00:00,2643743,London,GB,2026-05-09,51.5,-0.25,Europe/London,20.9,10.0,15.5,0.0,0.0,0.0,16.2
recent_weather,2026-06-17T14:49:19+00:00,2643743,London,GB,2026-05-10,51.5,-0.25,Europe/London,13.6,8.8,12.1,0.0,0.0,0.0,19.1
recent_weather,2026-06-17T14:49:19+00:00,2643743,London,GB,2026-05-11,51.5,-0.25,Europe/London,12.0,5.1,8.8,0.4,0.4,0.0,13.0
recent_weather,2026-06-17T14:49:19+00:00,2643743,London,GB,2026-05-12,51.5,-0.25,Europe/London,16.4,4.9,10.9,0.7,0.7,0.0,15.8
recent_weather,2026-06-17T14:49:19+00:00,2643743,London,GB,2026-05-13,51.5,-0.25,Europe/London,12.0,7.8,10.0,6.6,6.6,0.0,22.7
recent_weather,2026-06-17T14:49:19+00:00,2643743,London,GB,2026-05-14,51.5,-0.25,Europe/London,12.1,7.2,9.2,1.8,1.8,0.0,14.0
recent_weather,2026-06-17T14:49:19+00:00,2643743,London,GB,2026-05-15,51.5,-0.25,Europe/London,14.1,6.7,10.4,0.2,0.2,0.0,11.2
recent_weather,2026-06-17T14:49:19+00:00,2643743,London,GB,2026-05-16,51.5,-0.25,Europe/London,14.9,6.8,11.2,1.1,1.1,0.0,17.3
recent_weather,2026-06-17T14:49:19+00:00,2643743,London,GB,2026-05-17,51.5,-0.25,Europe/London,16.6,9.5,12.7,1.9,1.9,0.0,16.6
recent_weather,2026-06-17T14:49:19+00:00,2643743,London,GB,2026-05-18,51.5,-0.25,Europe/London,14.1,8.5,11.6,0.2,0.2,0.0,18.4
recent_weather,2026-06-17T14:49:19+00:00,2643743,London,GB,2026-05-19,51.5,-0.25,Europe/London,17.2,11.1,13.9,4.8,4.8,0.0,20.9
recent_weather,2026-06-17T14:49:19+00:00,2643743,London,GB,2026-05-20,51.5,-0.25,Europe/London,19.5,12.7,15.7,0.4,0.4,0.0,20.9
recent_weather,2026-06-17T14:49:19+00:00,2643743,London,GB,2026-05-21,51.5,-0.25,Europe/London,23.6,12.7,18.1,0.0,0.0,0.0,15.1
recent_weather,2026-06-17T14:49:19+00:00,2643743,London,GB,2026-05-22,51.5,-0.25,Europe/London,27.8,16.1,22.5,0.0,0.0,0.0,15.5
recent_weather,2026-06-17T14:49:19+00:00,2643743,London,GB,2026-05-23,51.5,-0.25,Europe/London,29.6,20.3,24.8,0.0,0.0,0.0,10.8
recent_weather,2026-06-17T14:49:19+00:00,2643743,London,GB,2026-05-24,51.5,-0.25,Europe/London,31.1,16.6,23.6,0.0,0.0,0.0,15.5
recent_weather,2026-06-17T14:49:19+00:00,2643743,London,GB,2026-05-25,51.5,-0.25,Europe/London,33.8,19.8,26.8,0.0,0.0,0.0,14.4
recent_weather,2026-06-17T14:49:19+00:00,2643743,London,GB,2026-05-26,51.5,-0.25,Europe/London,34.6,21.3,28.2,0.0,0.0,0.0,13.7
recent_weather,2026-06-17T14:49:19+00:00,2643743,London,GB,2026-05-27,51.5,-0.25,Europe/London,26.5,17.2,22.8,0.0,0.0,0.0,19.4
recent_weather,2026-06-17T14:49:19+00:00,2643743,London,GB,2026-05-28,51.5,-0.25,Europe/London,31.1,15.7,23.3,0.0,0.0,0.0,16.2
recent_weather,2026-06-17T14:49:19+00:00,2643743,London,GB,2026-05-29,51.5,-0.25,Europe/London,25.6,18.9,23.1,0.0,0.0,0.0,13.3
recent_weather,2026-06-17T14:49:19+00:00,2643743,London,GB,2026-05-30,51.5,-0.25,Europe/London,28.6,17.8,23.0,0.0,0.0,0.0,13.7
recent_weather,2026-06-17T14:49:19+00:00,2643743,London,GB,2026-05-31,51.5,-0.25,Europe/London,23.0,16.2,20.2,0.0,0.0,0.0,14.8
recent_weather,2026-06-17T14:49:19+00:00,2643743,London,GB,2026-06-01,51.5,-0.25,Europe/London,23.1,14.2,18.2,0.8,0.8,0.0,20.5
recent_weather,2026-06-17T14:49:19+00:00,2643743,London,GB,2026-06-02,51.5,-0.25,Europe/London,19.8,14.5,15.9,22.2,22.2,0.0,19.1
recent_weather,2026-06-17T14:49:19+00:00,2643743,London,GB,2026-06-03,51.5,-0.25,Europe/London,18.6,13.1,15.1,2.6,2.6,0.0,25.6
recent_weather,2026-06-17T14:49:19+00:00,2643743,London,GB,2026-06-04,51.5,-0.25,Europe/London,18.6,13.8,15.8,2.8,2.8,0.0,25.2
recent_weather,2026-06-17T14:49:19+00:00,2643743,London,GB,2026-06-05,51.5,-0.25,Europe/London,18.4,12.4,15.5,0.0,0.0,0.0,17.6
recent_weather,2026-06-17T14:49:19+00:00,2643743,London,GB,2026-06-06,51.5,-0.25,Europe/London,15.3,12.9,13.8,7.1,7.1,0.0,23.4
recent_weather,2026-06-17T14:49:19+00:00,2643743,London,GB,2026-06-07,51.5,-0.25,Europe/London,19.1,11.4,15.6,0.0,0.0,0.0,20.5
recent_weather,2026-06-17T14:49:19+00:00,2643743,London,GB,2026-06-08,51.5,-0.25,Europe/London,16.4,13.3,14.9,7.4,7.4,0.0,16.6
recent_weather,2026-06-17T14:49:19+00:00,2643743,London,GB,2026-06-09,51.5,-0.25,Europe/London,18.7,9.8,14.1,1.2,1.2,0.0,20.2
recent_weather,2026-06-17T14:49:19+00:00,2643743,London,GB,2026-06-10,51.5,-0.25,Europe/London,17.1,10.2,13.3,2.3,2.3,0.0,16.9
recent_weather,2026-06-17T14:49:19+00:00,2643743,London,GB,2026-06-11,51.5,-0.25,Europe/London,16.3,10.2,12.9,7.4,7.4,0.0,20.9
recent_weather,2026-06-17T14:49:19+00:00,2643743,London,GB,2026-06-12,51.5,-0.25,Europe/London,22.1,15.9,18.3,0.0,0.0,0.0,22.3
recent_weather,2026-06-17T14:49:19+00:00,2643743,London,GB,2026-06-13,51.5,-0.25,Europe/London,21.5,13.1,17.2,0.0,0.0,0.0,18.4
recent_weather,2026-06-17T14:49:19+00:00,2643743,London,GB,2026-06-14,51.5,-0.25,Europe/London,21.0,12.8,17.2,0.0,0.0,0.0,14.4
recent_weather,2026-06-17T14:49:19+00:00,2643743,London,GB,2026-06-15,51.5,-0.25,Europe/London,22.5,14.0,18.1,1.0,1.0,0.0,14.8
recent_weather,2026-06-17T14:49:19+00:00,2643743,London,GB,2026-06-16,51.5,-0.25,Europe/London,26.4,16.0,20.3,0.4,0.4,0.0,17.6
recent_weather,2026-06-17T14:49:19+00:00,2643743,London,GB,2026-06-17,51.5,-0.25,Europe/London,23.8,17.5,20.4,0.3,0.3,0.0,19.4
recent_weather,2026-06-17T14:49:19+00:00,3169070,Rome,IT,2026-04-18,41.875,12.5,Europe/Rome,25.4,14.2,18.8,0.0,0.0,0.0,17.2
recent_weather,2026-06-17T14:49:19+00:00,3169070,Rome,IT,2026-04-19,41.875,12.5,Europe/Rome,23.9,11.3,17.5,0.0,0.0,0.0,13.2
recent_weather,2026-06-17T14:49:19+00:00,3169070,Rome,IT,2026-04-20,41.875,12.5,Europe/Rome,22.9,13.2,17.8,0.1,0.0,0.0,13.7
recent_weather,2026-06-17T14:49:19+00:00,3169070,Rome,IT,2026-04-21,41.875,12.5,Europe/Rome,21.8,14.7,17.9,0.0,0.0,0.0,14.8
recent_weather,2026-06-17T14:49:19+00:00,3169070,Rome,IT,2026-04-22,41.875,12.5,Europe/Rome,20.1,12.9,15.8,2.0,0.0,0.0,10.6
recent_weather,2026-06-17T14:49:19+00:00,3169070,Rome,IT,2026-04-23,41.875,12.5,Europe/Rome,21.8,9.9,15.6,0.0,0.0,0.0,13.4
recent_weather,2026-06-17T14:49:19+00:00,3169070,Rome,IT,2026-04-24,41.875,12.5,Europe/Rome,22.4,8.2,15.2,0.0,0.0,0.0,14.1
recent_weather,2026-06-17T14:49:19+00:00,3169070,Rome,IT,2026-04-25,41.875,12.5,Europe/Rome,24.0,7.4,15.6,0.0,0.0,0.0,13.9
recent_weather,2026-06-17T14:49:19+00:00,3169070,Rome,IT,2026-04-26,41.875,12.5,Europe/Rome,23.8,7.4,15.8,0.0,0.0,0.0,14.3
recent_weather,2026-06-17T14:49:19+00:00,3169070,Rome,IT,2026-04-27,41.875,12.5,Europe/Rome,23.7,11.6,16.8,0.0,0.0,0.0,13.1
recent_weather,2026-06-17T14:49:19+00:00,3169070,Rome,IT,2026-04-28,41.875,12.5,Europe/Rome,24.2,9.9,17.1,0.0,0.0,0.0,12.6
recent_weather,2026-06-17T14:49:19+00:00,3169070,Rome,IT,2026-04-29,41.875,12.5,Europe/Rome,24.7,9.8,17.8,0.0,0.0,0.0,11.6
recent_weather,2026-06-17T14:49:19+00:00,3169070,Rome,IT,2026-04-30,41.875,12.5,Europe/Rome,22.8,15.1,18.3,2.7,0.3,0.0,9.4
recent_weather,2026-06-17T14:49:19+00:00,3169070,Rome,IT,2026-05-01,41.875,12.5,Europe/Rome,22.8,10.2,16.8,0.0,0.0,0.0,12.7
recent_weather,2026-06-17T14:49:19+00:00,3169070,Rome,IT,2026-05-02,41.875,12.5,Europe/Rome,22.9,8.3,15.7,0.0,0.0,0.0,15.7
recent_weather,2026-06-17T14:49:19+00:00,3169070,Rome,IT,2026-05-03,41.875,12.5,Europe/Rome,22.5,9.1,15.9,0.0,0.0,0.0,16.7
recent_weather,2026-06-17T14:49:19+00:00,3169070,Rome,IT,2026-05-04,41.875,12.5,Europe/Rome,20.9,10.3,16.0,0.0,0.0,0.0,11.8
recent_weather,2026-06-17T14:49:19+00:00,3169070,Rome,IT,2026-05-05,41.875,12.5,Europe/Rome,20.2,13.2,16.4,7.5,6.4,0.0,16.9
recent_weather,2026-06-17T14:49:19+00:00,3169070,Rome,IT,2026-05-06,41.875,12.5,Europe/Rome,22.5,14.9,17.9,5.2,4.0,0.0,15.7
recent_weather,2026-06-17T14:49:19+00:00,3169070,Rome,IT,2026-05-07,41.875,12.5,Europe/Rome,24.6,15.0,19.2,7.6,7.4,0.0,10.5
recent_weather,2026-06-17T14:49:19+00:00,3169070,Rome,IT,2026-05-08,41.875,12.5,Europe/Rome,21.4,15.7,18.0,2.7,2.7,0.0,13.6
recent_weather,2026-06-17T14:49:19+00:00,3169070,Rome,IT,2026-05-09,41.875,12.5,Europe/Rome,25.1,12.2,18.8,0.0,0.0,0.0,13.3
recent_weather,2026-06-17T14:49:19+00:00,3169070,Rome,IT,2026-05-10,41.875,12.5,Europe/Rome,22.7,15.7,18.8,0.7,0.0,0.0,21.1
recent_weather,2026-06-17T14:49:19+00:00,3169070,Rome,IT,2026-05-11,41.875,12.5,Europe/Rome,22.7,16.6,19.4,0.0,0.0,0.0,16.4
recent_weather,2026-06-17T14:49:19+00:00,3169070,Rome,IT,2026-05-12,41.875,12.5,Europe/Rome,22.5,16.2,19.1,0.0,0.0,0.0,19.3
recent_weather,2026-06-17T14:49:19+00:00,3169070,Rome,IT,2026-05-13,41.875,12.5,Europe/Rome,18.6,14.7,16.6,6.6,0.0,0.0,10.2
recent_weather,2026-06-17T14:49:19+00:00,3169070,Rome,IT,2026-05-14,41.875,12.5,Europe/Rome,22.0,10.4,16.3,0.5,0.0,0.0,17.9
recent_weather,2026-06-17T14:49:19+00:00,3169070,Rome,IT,2026-05-15,41.875,12.5,Europe/Rome,20.4,13.7,16.8,17.6,0.9,0.0,15.3
recent_weather,2026-06-17T14:49:19+00:00,3169070,Rome,IT,2026-05-16,41.875,12.5,Europe/Rome,19.0,13.7,16.1,3.6,1.8,0.0,17.1
recent_weather,2026-06-17T14:49:19+00:00,3169070,Rome,IT,2026-05-17,41.875,12.5,Europe/Rome,21.0,9.3,15.8,0.0,0.0,0.0,11.8
recent_weather,2026-06-17T14:49:19+00:00,3169070,Rome,IT,2026-05-18,41.875,12.5,Europe/Rome,21.3,10.2,16.2,0.0,0.0,0.0,13.0
recent_weather,2026-06-17T14:49:19+00:00,3169070,Rome,IT,2026-05-19,41.875,12.5,Europe/Rome,22.7,11.4,17.5,0.1,0.0,0.0,17.8
recent_weather,2026-06-17T14:49:19+00:00,3169070,Rome,IT,2026-05-20,41.875,12.5,Europe/Rome,25.2,12.1,18.8,0.0,0.0,0.0,14.3
recent_weather,2026-06-17T14:49:19+00:00,3169070,Rome,IT,2026-05-21,41.875,12.5,Europe/Rome,28.2,13.1,21.0,0.0,0.0,0.0,19.5
recent_weather,2026-06-17T14:49:19+00:00,3169070,Rome,IT,2026-05-22,41.875,12.5,Europe/Rome,28.9,15.8,22.5,0.0,0.0,0.0,16.6
recent_weather,2026-06-17T14:49:19+00:00,3169070,Rome,IT,2026-05-23,41.875,12.5,Europe/Rome,29.2,15.7,22.4,0.0,0.0,0.0,12.2
recent_weather,2026-06-17T14:49:19+00:00,3169070,Rome,IT,2026-05-24,41.875,12.5,Europe/Rome,30.2,16.4,23.1,0.0,0.0,0.0,14.9
recent_weather,2026-06-17T14:49:19+00:00,3169070,Rome,IT,2026-05-25,41.875,12.5,Europe/Rome,31.4,16.3,23.6,0.0,0.0,0.0,15.5
recent_weather,2026-06-17T14:49:19+00:00,3169070,Rome,IT,2026-05-26,41.875,12.5,Europe/Rome,32.0,16.1,24.2,0.0,0.0,0.0,15.2
recent_weather,2026-06-17T14:49:19+00:00,3169070,Rome,IT,2026-05-27,41.875,12.5,Europe/Rome,31.4,18.2,24.9,0.0,0.0,0.0,12.8
recent_weather,2026-06-17T14:49:19+00:00,3169070,Rome,IT,2026-05-28,41.875,12.5,Europe/Rome,31.8,19.2,25.5,0.1,0.0,0.0,10.3
recent_weather,2026-06-17T14:49:19+00:00,3169070,Rome,IT,2026-05-29,41.875,12.5,Europe/Rome,30.2,19.7,25.1,0.1,0.0,0.0,9.6
recent_weather,2026-06-17T14:49:19+00:00,3169070,Rome,IT,2026-05-30,41.875,12.5,Europe/Rome,30.4,19.8,24.7,0.0,0.0,0.0,12.9
recent_weather,2026-06-17T14:49:19+00:00,3169070,Rome,IT,2026-05-31,41.875,12.5,Europe/Rome,30.1,17.4,23.7,0.0,0.0,0.0,15.0
recent_weather,2026-06-17T14:49:19+00:00,3169070,Rome,IT,2026-06-01,41.875,12.5,Europe/Rome,28.3,17.2,23.2,0.0,0.0,0.0,16.3
recent_weather,2026-06-17T14:49:19+00:00,3169070,Rome,IT,2026-06-02,41.875,12.5,Europe/Rome,28.1,19.8,23.8,0.2,0.0,0.0,17.6
recent_weather,2026-06-17T14:49:19+00:00,3169070,Rome,IT,2026-06-03,41.875,12.5,Europe/Rome,27.7,20.3,23.2,8.6,0.2,0.0,15.0
recent_weather,2026-06-17T14:49:19+00:00,3169070,Rome,IT,2026-06-04,41.875,12.5,Europe/Rome,27.7,17.1,22.4,0.0,0.0,0.0,14.5
recent_weather,2026-06-17T14:49:19+00:00,3169070,Rome,IT,2026-06-05,41.875,12.5,Europe/Rome,25.7,15.6,21.4,0.0,0.0,0.0,11.0
recent_weather,2026-06-17T14:49:19+00:00,3169070,Rome,IT,2026-06-06,41.875,12.5,Europe/Rome,26.8,17.9,22.3,0.0,0.0,0.0,13.2
recent_weather,2026-06-17T14:49:19+00:00,3169070,Rome,IT,2026-06-07,41.875,12.5,Europe/Rome,30.1,15.5,23.2,0.0,0.0,0.0,14.8
recent_weather,2026-06-17T14:49:19+00:00,3169070,Rome,IT,2026-06-08,41.875,12.5,Europe/Rome,31.2,17.2,24.4,0.0,0.0,0.0,16.2
recent_weather,2026-06-17T14:49:19+00:00,3169070,Rome,IT,2026-06-09,41.875,12.5,Europe/Rome,30.3,16.2,23.4,0.0,0.0,0.0,15.1
recent_weather,2026-06-17T14:49:19+00:00,3169070,Rome,IT,2026-06-10,41.875,12.5,Europe/Rome,29.0,17.9,23.5,0.0,0.0,0.0,14.7
recent_weather,2026-06-17T14:49:19+00:00,3169070,Rome,IT,2026-06-11,41.875,12.5,Europe/Rome,25.1,20.3,23.0,0.0,0.0,0.0,14.7
recent_weather,2026-06-17T14:49:19+00:00,3169070,Rome,IT,2026-06-12,41.875,12.5,Europe/Rome,30.7,17.7,24.4,0.0,0.0,0.0,16.1
recent_weather,2026-06-17T14:49:19+00:00,3169070,Rome,IT,2026-06-13,41.875,12.5,Europe/Rome,30.1,17.2,24.1,0.0,0.0,0.0,14.1
recent_weather,2026-06-17T14:49:19+00:00,3169070,Rome,IT,2026-06-14,41.875,12.5,Europe/Rome,30.0,16.7,23.7,0.0,0.0,0.0,13.6
recent_weather,2026-06-17T14:49:19+00:00,3169070,Rome,IT,2026-06-15,41.875,12.5,Europe/Rome,29.2,16.8,23.3,0.0,0.0,0.0,16.9
recent_weather,2026-06-17T14:49:19+00:00,3169070,Rome,IT,2026-06-16,41.875,12.5,Europe/Rome,30.7,19.1,24.6,0.3,0.0,0.0,14.2
recent_weather,2026-06-17T14:49:19+00:00,3169070,Rome,IT,2026-06-17,41.875,12.5,Europe/Rome,33.3,19.9,26.2,0.2,0.0,0.0,16.0
